"","X1","Herbatio","Micro-habitat","Genus","species","notes","Habitat_groups"
"1",1,"GOTTSUNDENSIS","1 Rupes Lassbyenses","Bryum","bypnoides",NA,"Rupes"
"2",2,"GOTTSUNDENSIS","1 Rupes Lassbyenses","Jungermannia","trichophylla",NA,"Rupes"
"3",3,"GOTTSUNDENSIS","1 Rupes Lassbyenses","Lichen","centrifugus",NA,"Rupes"
"4",4,"GOTTSUNDENSIS","1 Rupes Lassbyenses","Lichen","omphalodes",NA,"Rupes"
"5",5,"GOTTSUNDENSIS","1 Rupes Lassbyenses","Lichen","pusbulatus",NA,"Rupes"
"6",6,"GOTTSUNDENSIS","1 Rupes Lassbyenses","Liehen","rangiferinus",NA,"Rupes"
"7",7,"GOTTSUNDENSIS","1 Rupes Lassbyenses","Lichen","islandicus",NA,"Rupes"
"8",8,"GOTTSUNDENSIS","1 Rupes Lassbyenses","Lichen","saxatilis",NA,"Rupes"
"9",9,"GOTTSUNDENSIS","1 Rupes Lassbyenses","Lichen","velleus",NA,"Rupes"
"10",10,"GOTTSUNDENSIS","1 Rupes Lassbyenses","Lichen","deustus",NA,"Rupes"
"11",11,"GOTTSUNDENSIS","1 Rupes Lassbyenses","Lichen","pascalis",NA,"Rupes"
"12",12,"GOTTSUNDENSIS","2 Pascua Sylvatica","Trientalis","europaea",NA,"Silva"
"13",13,"GOTTSUNDENSIS","2 Pascua Sylvatica","Pyrola","rotundifolia",NA,"Silva"
"14",14,"GOTTSUNDENSIS","2 Pascua Sylvatica","Arbutus","Uva urfi",NA,"Silva"
"15",15,"GOTTSUNDENSIS","2 Pascua Sylvatica","Orchis","maculata",NA,"Silva"
"16",16,"GOTTSUNDENSIS","2 Pascua Sylvatica","Orchis","bifolia",NA,"Silva"
"17",17,"GOTTSUNDENSIS","2 Pascua Sylvatica","Salix","myrtilloides",NA,"Silva"
"18",18,"GOTTSUNDENSIS","2 Pascua Sylvatica","Empetrum","nigrum",NA,"Silva"
"19",19,"GOTTSUNDENSIS","2 Pascua Sylvatica","Lycopodium","Selago",NA,"Silva"
"20",20,"GOTTSUNDENSIS","2 Pascua Sylvatica","Lycopodium","clavatum",NA,"Silva"
"21",21,"GOTTSUNDENSIS","2 Pascua Sylvatica","Lycopodium","complanatum",NA,"Silva"
"22",22,"GOTTSUNDENSIS","2 Pascua Sylvatica","Equisetum","hyemale",NA,"Silva"
"23",23,"GOTTSUNDENSIS","3 Palus Norrbyensis","Pingvicula","vulgaris",NA,"Palus"
"24",24,"GOTTSUNDENSIS","3 Palus Norrbyensis","Eriophorum","polystachion",NA,"Palus"
"25",25,"GOTTSUNDENSIS","3 Palus Norrbyensis","Eriophorum","vaginatum",NA,"Palus"
"26",26,"GOTTSUNDENSIS","3 Palus Norrbyensis","Galium","palustre",NA,"Palus"
"27",27,"GOTTSUNDENSIS","3 Palus Norrbyensis","Drosera","rotundifolia",NA,"Palus"
"28",28,"GOTTSUNDENSIS","3 Palus Norrbyensis","Vaccinium","uliginosum",NA,"Palus"
"29",29,"GOTTSUNDENSIS","3 Palus Norrbyensis","Vaccinium","Myrtillus",NA,"Palus"
"30",30,"GOTTSUNDENSIS","3 Palus Norrbyensis","Vaccinium","Vitis idaea",NA,"Palus"
"31",31,"GOTTSUNDENSIS","3 Palus Norrbyensis","Vaccinium","Oxycoccos",NA,"Palus"
"32",32,"GOTTSUNDENSIS","3 Palus Norrbyensis","Andromeda","caerulea",NA,"Palus"
"33",33,"GOTTSUNDENSIS","3 Palus Norrbyensis","Ledum","palustre",NA,"Palus"
"34",34,"GOTTSUNDENSIS","3 Palus Norrbyensis","Rubus","Chamaemorus",NA,"Palus"
"35",35,"GOTTSUNDENSIS","3 Palus Norrbyensis","Ranunculus","Flamula",NA,"Palus"
"36",36,"GOTTSUNDENSIS","3 Palus Norrbyensis","Scutellaria","galericulata",NA,"Palus"
"37",37,"GOTTSUNDENSIS","3 Palus Norrbyensis","Salix","pentandra",NA,"Palus"
"38",38,"GOTTSUNDENSIS","3 Palus Norrbyensis","Betula","alba",NA,"Palus"
"39",39,"GOTTSUNDENSIS","3 Palus Norrbyensis","Betula","Alnus",NA,"Palus"
"40",40,"GOTTSUNDENSIS","3 Palus Norrbyensis","Sphagnum","palustre",NA,"Palus"
"41",41,"GOTTSUNDENSIS","4 Pratum Norrbyense","Phleum","pratense",NA,"Pratum"
"42",42,"GOTTSUNDENSIS","4 Pratum Norrbyense","Aira","cespitosa",NA,"Pratum"
"43",43,"GOTTSUNDENSIS","4 Pratum Norrbyense","Briza","media",NA,"Pratum"
"44",44,"GOTTSUNDENSIS","4 Pratum Norrbyense","Poa","trivalis",NA,"Pratum"
"45",45,"GOTTSUNDENSIS","4 Pratum Norrbyense","Poa","pratenfis",NA,"Pratum"
"46",46,"GOTTSUNDENSIS","4 Pratum Norrbyense","Veronica","Chamaedrys",NA,"Pratum"
"47",47,"GOTTSUNDENSIS","4 Pratum Norrbyense","Galium","verum",NA,"Pratum"
"48",48,"GOTTSUNDENSIS","4 Pratum Norrbyense","Rumex","Acetosa",NA,"Pratum"
"49",49,"GOTTSUNDENSIS","4 Pratum Norrbyense","Tormentilla","erecta",NA,"Pratum"
"50",50,"GOTTSUNDENSIS","4 Pratum Norrbyense","Prunella","vulgaris",NA,"Pratum"
"51",51,"GOTTSUNDENSIS","4 Pratum Norrbyense","Euphrasia","officinalis",NA,"Pratum"
"52",52,"GOTTSUNDENSIS","4 Pratum Norrbyense","Rhinanthus","Crista galli",NA,"Pratum"
"53",53,"GOTTSUNDENSIS","4 Pratum Norrbyense","Spiraea","Filipendula",NA,"Pratum"
"54",54,"GOTTSUNDENSIS","4 Pratum Norrbyense","Lathyrus","pratensis",NA,"Pratum"
"55",55,"GOTTSUNDENSIS","4 Pratum Norrbyense","Galium","Mollugo",NA,"Pratum"
"56",56,"GOTTSUNDENSIS","4 Pratum Norrbyense","Plantago","major",NA,"Pratum"
"57",57,"GOTTSUNDENSIS","4 Pratum Norrbyense","Plantago","media",NA,"Pratum"
"58",58,"GOTTSUNDENSIS","4 Pratum Norrbyense","Alchemilla","vulgaris",NA,"Pratum"
"59",59,"GOTTSUNDENSIS","4 Pratum Norrbyense","Campanula","rotundifolia",NA,"Pratum"
"60",60,"GOTTSUNDENSIS","4 Pratum Norrbyense","Trifolium","repens",NA,"Pratum"
"61",61,"GOTTSUNDENSIS","4 Pratum Norrbyense","Trifolium","pratense",NA,"Pratum"
"62",62,"GOTTSUNDENSIS","4 Pratum Norrbyense","Leontodon","autumnale",NA,"Pratum"
"63",63,"GOTTSUNDENSIS","4 Pratum Norrbyense","Centaurea","Jacea",NA,"Pratum"
"64",64,"GOTTSUNDENSIS","4 Pratum Norrbyense","Chryfanthemum","Leucanthemum",NA,"Pratum"
"65",65,"GOTTSUNDENSIS","5 Uliginosa Amni","Alopecurus","pratensis",NA,"Fluvius"
"66",66,"GOTTSUNDENSIS","5 Uliginosa Amni","Alopecurus","geniculatus",NA,"Fluvius"
"67",67,"GOTTSUNDENSIS","5 Uliginosa Amni","Menyanthes","trifoliata",NA,"Fluvius"
"68",68,"GOTTSUNDENSIS","5 Uliginosa Amni","Geum","rivale",NA,"Fluvius"
"69",69,"GOTTSUNDENSIS","5 Uliginosa Amni","Cardamine","pratensis",NA,"Fluvius"
"70",70,"GOTTSUNDENSIS","5 Uliginosa Amni","Ranunculus","acris",NA,"Fluvius"
"71",71,"GOTTSUNDENSIS","5 Uliginosa Amni","Thalictrum","flavum",NA,"Fluvius"
"72",72,"GOTTSUNDENSIS","5 Uliginosa Amni","Spiraea","Ulmaria",NA,"Fluvius"
"73",73,"GOTTSUNDENSIS","5 Uliginosa Amni","Calta","palustris",NA,"Fluvius"
"74",74,"GOTTSUNDENSIS","6 Lucus Norrbyensis","Quercus","Robur",NA,"Rusticus"
"75",75,"GOTTSUNDENSIS","6 Lucus Norrbyensis","Populus","tremula",NA,"Rusticus"
"76",76,"GOTTSUNDENSIS","6 Lucus Norrbyensis","Cerefus","Padus",NA,"Rusticus"
"77",77,"GOTTSUNDENSIS","6 Lucus Norrbyensis","Sorbus","Aucuparia",NA,"Rusticus"
"78",78,"GOTTSUNDENSIS","6 Lucus Norrbyensis","Pyrus","Malus Sylvestris",NA,"Rusticus"
"79",79,"GOTTSUNDENSIS","6 Lucus Norrbyensis","Rhamnus","catarthicus",NA,"Rusticus"
"80",80,"GOTTSUNDENSIS","6 Lucus Norrbyensis","Rhamnus","Frangula",NA,"Rusticus"
"81",81,"GOTTSUNDENSIS","6 Lucus Norrbyensis","Veronica","spicata",NA,"Rusticus"
"82",82,"GOTTSUNDENSIS","6 Lucus Norrbyensis","Veronica","Serpyllifolia",NA,"Rusticus"
"83",83,"GOTTSUNDENSIS","6 Lucus Norrbyensis","Poa","compressa",NA,"Rusticus"
"84",84,"GOTTSUNDENSIS","6 Lucus Norrbyensis","Melica","mutans",NA,"Rusticus"
"85",85,"GOTTSUNDENSIS","6 Lucus Norrbyensis","Myosotis","Scorpioides",NA,"Rusticus"
"86",86,"GOTTSUNDENSIS","6 Lucus Norrbyensis","Pulmonaria","officinalis",NA,"Rusticus"
"87",87,"GOTTSUNDENSIS","6 Lucus Norrbyensis","Convallaria","majalis",NA,"Rusticus"
"88",88,"GOTTSUNDENSIS","6 Lucus Norrbyensis","Convallaria","Polygonatum",NA,"Rusticus"
"89",89,"GOTTSUNDENSIS","6 Lucus Norrbyensis","Campanula","persicifolia",NA,"Rusticus"
"90",90,"GOTTSUNDENSIS","6 Lucus Norrbyensis","Rumex","Acetosella",NA,"Rusticus"
"91",91,"GOTTSUNDENSIS","6 Lucus Norrbyensis","Silene","Viscaria",NA,"Rusticus"
"92",92,"GOTTSUNDENSIS","6 Lucus Norrbyensis","Saxifraga","granulata",NA,"Rusticus"
"93",93,"GOTTSUNDENSIS","6 Lucus Norrbyensis","Potentilla","argentea",NA,"Rusticus"
"94",94,"GOTTSUNDENSIS","6 Lucus Norrbyensis","Lonicera","Xylosteum",NA,"Rusticus"
"95",95,"GOTTSUNDENSIS","6 Lucus Norrbyensis","Prunus","spinola",NA,"Rusticus"
"96",96,"GOTTSUNDENSIS","6 Lucus Norrbyensis","Corylus","Avellana",NA,"Rusticus"
"97",97,"GOTTSUNDENSIS","6 Lucus Norrbyensis","Ribes","alpinum",NA,"Rusticus"
"98",98,"GOTTSUNDENSIS","6 Lucus Norrbyensis","Mespilus","Cotonaster",NA,"Rusticus"
"99",99,"GOTTSUNDENSIS","6 Lucus Norrbyensis","Viburnum","Opulus",NA,"Rusticus"
"100",100,"GOTTSUNDENSIS","6 Lucus Norrbyensis","Rosa","canina",NA,"Rusticus"
"101",101,"GOTTSUNDENSIS","6 Lucus Norrbyensis","Rubus","saxatilis",NA,"Rusticus"
"102",102,"GOTTSUNDENSIS","6 Lucus Norrbyensis","Anemone","nemorosa",NA,"Rusticus"
"103",103,"GOTTSUNDENSIS","6 Lucus Norrbyensis","Anemone","Hepatica",NA,"Rusticus"
"104",104,"GOTTSUNDENSIS","6 Lucus Norrbyensis","Draba","verna",NA,"Rusticus"
"105",105,"GOTTSUNDENSIS","6 Lucus Norrbyensis","Draba","muralis",NA,"Rusticus"
"106",106,"GOTTSUNDENSIS","6 Lucus Norrbyensis","Arabis","thaliana",NA,"Rusticus"
"107",107,"GOTTSUNDENSIS","6 Lucus Norrbyensis","Turritis","glabra",NA,"Rusticus"
"108",108,"GOTTSUNDENSIS","6 Lucus Norrbyensis","Turritis","hirsuta",NA,"Rusticus"
"109",109,"GOTTSUNDENSIS","6 Lucus Norrbyensis","Fragaria","vesca",NA,"Rusticus"
"110",110,"GOTTSUNDENSIS","6 Lucus Norrbyensis","Orobus","vernus",NA,"Rusticus"
"111",111,"GOTTSUNDENSIS","6 Lucus Norrbyensis","Orobus","tuberosus",NA,"Rusticus"
"112",112,"GOTTSUNDENSIS","6 Lucus Norrbyensis","Viola","canina-",NA,"Rusticus"
"113",113,"GOTTSUNDENSIS","6 Lucus Norrbyensis","Viola","hirta",NA,"Rusticus"
"114",114,"GOTTSUNDENSIS","7 Pratum Gottsundense","Aira","caerulea",NA,"Pratum"
"115",115,"GOTTSUNDENSIS","7 Pratum Gottsundense","Agrimonia","Eupatoria",NA,"Pratum"
"116",116,"GOTTSUNDENSIS","7 Pratum Gottsundense","Ajuga","pyramidalis",NA,"Pratum"
"117",117,"GOTTSUNDENSIS","7 Pratum Gottsundense","Ranunculus","auricormus",NA,"Pratum"
"118",118,"GOTTSUNDENSIS","7 Pratum Gottsundense","Hieracium","praemorsum",NA,"Pratum"
"119",119,"GOTTSUNDENSIS","7 Pratum Gottsundense","Hypochaeris","maculata",NA,"Pratum"
"120",120,"GOTTSUNDENSIS","7 Pratum Gottsundense","Viola","palustris",NA,"Pratum"
"121",121,"GOTTSUNDENSIS","7 Pratum Gottsundense","Hypnum","dendroides",NA,"Pratum"
"122",122,"GOTTSUNDENSIS","7 Pratum Gottsundense","Verbascum","nigrum",NA,"Pratum"
"123",123,"GOTTSUNDENSIS","7 Pratum Gottsundense","Bistorta","vivipara",NA,"Pratum"
"124",124,"GOTTSUNDENSIS","7 Pratum Gottsundense","Trifolium","agrarium",NA,"Pratum"
"125",125,"GOTTSUNDENSIS","7 Pratum Gottsundense","Carex","cespitosa",NA,"Pratum"
"126",126,"GOTTSUNDENSIS","7 Pratum Gottsundense","Carex","acuta",NA,"Pratum"
"127",127,"GOTTSUNDENSIS","7 Pratum Gottsundense","Carex","vesicaria",NA,"Pratum"
"128",128,"GOTTSUNDENSIS","7 Pratum Gottsundense","Mnium","hygrometricum",NA,"Pratum"
"129",129,"GOTTSUNDENSIS","8 Bovilia Pastoris","Anthoxanthum","odorat",NA,"Rusticus"
"130",130,"GOTTSUNDENSIS","8 Bovilia Pastoris","Heracleum","Sphondylium",NA,"Rusticus"
"131",131,"GOTTSUNDENSIS","8 Bovilia Pastoris","Laserpitium","latifolium",NA,"Rusticus"
"132",132,"GOTTSUNDENSIS","8 Bovilia Pastoris","Geranium","pratense",NA,"Rusticus"
"133",133,"GOTTSUNDENSIS","8 Bovilia Pastoris","Geranium","sanguineum",NA,"Rusticus"
"134",134,"GOTTSUNDENSIS","8 Bovilia Pastoris","Fumaria","bulbosa",NA,"Rusticus"
"135",135,"GOTTSUNDENSIS","9 Praecipitia Gottsundensia","Milium","effusum",NA,"Rusticus"
"136",136,"GOTTSUNDENSIS","9 Praecipitia Gottsundensia","Asperula","odorata",NA,"Rusticus"
"137",137,"GOTTSUNDENSIS","9 Praecipitia Gottsundensia","Campanula","latifolia",NA,"Rusticus"
"138",138,"GOTTSUNDENSIS","9 Praecipitia Gottsundensia","Campanula","Trachelium",NA,"Rusticus"
"139",139,"GOTTSUNDENSIS","9 Praecipitia Gottsundensia","Daphne","mezereum",NA,"Rusticus"
"140",140,"GOTTSUNDENSIS","9 Praecipitia Gottsundensia","Paris","quadrifolia",NA,"Rusticus"
"141",141,"GOTTSUNDENSIS","9 Praecipitia Gottsundensia","Actaea","spicata",NA,"Rusticus"
"142",142,"GOTTSUNDENSIS","9 Praecipitia Gottsundensia","Ranuculus","Ficaria:",NA,"Rusticus"
"143",143,"GOTTSUNDENSIS","9 Praecipitia Gottsundensia","Dentaria","bulbifera",NA,"Rusticus"
"144",144,"GOTTSUNDENSIS","9 Praecipitia Gottsundensia","Cardamine","Impatiens",NA,"Rusticus"
"145",145,"GOTTSUNDENSIS","9 Praecipitia Gottsundensia","Tilia","europaea",NA,"Rusticus"
"146",146,"GOTTSUNDENSIS","9 Praecipitia Gottsundensia","Ulmus","campestris",NA,"Rusticus"
"147",147,"GOTTSUNDENSIS","9 Praecipitia Gottsundensia","Crataegus","Oxyacantha",NA,"Rusticus"
"148",148,"GOTTSUNDENSIS","9 Praecipitia Gottsundensia","Lathraea","Squamaria",NA,"Rusticus"
"149",149,"GOTTSUNDENSIS","9 Praecipitia Gottsundensia","Clinopodium","vulgare",NA,"Rusticus"
"150",150,"GOTTSUNDENSIS","9 Praecipitia Gottsundensia","Origanum","vulgare",NA,"Rusticus"
"151",151,"GOTTSUNDENSIS","9 Praecipitia Gottsundensia","Glechoma","hederacea",NA,"Rusticus"
"152",152,"GOTTSUNDENSIS","9 Praecipitia Gottsundensia","Stachys","sylvatica",NA,"Rusticus"
"153",153,"GOTTSUNDENSIS","9 Praecipitia Gottsundensia","Vicia","sylvatica",NA,"Rusticus"
"154",154,"GOTTSUNDENSIS","9 Praecipitia Gottsundensia","Viola","mirabilis",NA,"Rusticus"
"155",155,"GOTTSUNDENSIS","9 Praecipitia Gottsundensia","Prenanthes","muralis",NA,"Rusticus"
"156",156,"GOTTSUNDENSIS","9 Praecipitia Gottsundensia","Acrostichum","septentrionale",NA,"Rusticus"
"157",157,"GOTTSUNDENSIS","9 Praecipitia Gottsundensia","Asplenium","trichomanes",NA,"Rusticus"
"158",158,"GOTTSUNDENSIS","9 Praecipitia Gottsundensia","Polypodium","vulgare",NA,"Rusticus"
"159",159,"GOTTSUNDENSIS","9 Praecipitia Gottsundensia","Polypodium","Phegopteris*",NA,"Rusticus"
"160",160,"GOTTSUNDENSIS","9 Praecipitia Gottsundensia","Salix","capraea",NA,"Rusticus"
"161",161,"GOTTSUNDENSIS","10 Rupes Gottsundenses","Arundo","Epigejos",NA,"Rupes"
"162",162,"GOTTSUNDENSIS","10 Rupes Gottsundenses","Asclepias","Vincetoxicum",NA,"Rupes"
"163",163,"GOTTSUNDENSIS","10 Rupes Gottsundenses","Verbascum","Thapsus",NA,"Rupes"
"164",164,"GOTTSUNDENSIS","10 Rupes Gottsundenses","Epilobium","montanum",NA,"Rupes"
"165",165,"GOTTSUNDENSIS","10 Rupes Gottsundenses","Epilobium","angustifolium",NA,"Rupes"
"166",166,"GOTTSUNDENSIS","10 Rupes Gottsundenses","Rubus","idaeus",NA,"Rupes"
"167",167,"GOTTSUNDENSIS","10 Rupes Gottsundenses","Thymus","Acinos",NA,"Rupes"
"168",168,"GOTTSUNDENSIS","10 Rupes Gottsundenses","Scrophularia","nodosa",NA,"Rupes"
"169",169,"GOTTSUNDENSIS","10 Rupes Gottsundenses","Orobus","niger",NA,"Rupes"
"170",170,"GOTTSUNDENSIS","10 Rupes Gottsundenses","Geranium","robertianum",NA,"Rupes"
"171",171,"GOTTSUNDENSIS","10 Rupes Gottsundenses","Hypericum","perforatum",NA,"Rupes"
"172",172,"GOTTSUNDENSIS","10 Rupes Gottsundenses","Marchantia","polymorpha",NA,"Rupes"
"173",173,"GOTTSUNDENSIS","10 Rupes Gottsundenses","Hieracium","murorum",NA,"Rupes"
"174",174,"GOTTSUNDENSIS","10 Rupes Gottsundenses","Gnaphalium","montanum",NA,"Rupes"
"175",175,"GOTTSUNDENSIS","10 Rupes Gottsundenses","Senecio","Jacobaea",NA,"Rupes"
"176",176,"GOTTSUNDENSIS","10 Rupes Gottsundenses","Polypodium","fragile",NA,"Rupes"
"177",177,"GOTTSUNDENSIS","10 Rupes Gottsundenses","Acrostichum","ilvense",NA,"Rupes"
"178",178,"GOTTSUNDENSIS","10 Rupes Gottsundenses","Polytricum","commune",NA,"Rupes"
"179",179,"GOTTSUNDENSIS","10 Rupes Gottsundenses","Hypnum","jericeum",NA,"Rupes"
"180",180,"GOTTSUNDENSIS","10 Rupes Gottsundenses","Bryum","cespiticium",NA,"Rupes"
"181",181,"GOTTSUNDENSIS","10 Rupes Gottsundenses","Bryum","striatum",NA,"Rupes"
"182",182,"GOTTSUNDENSIS","10 Rupes Gottsundenses","Mnium","pyriforme",NA,"Rupes"
"183",183,"GOTTSUNDENSIS","10 Rupes Gottsundenses","Jungermannia","resupinata",NA,"Rupes"
"184",184,"GOTTSUNDENSIS","10 Rupes Gottsundenses","Elvela","Mitra",NA,"Rupes"
"185",185,"GOTTSUNDENSIS","11 Praedium Wardsattra","Mentha","aquatica",NA,"Pratum"
"186",186,"GOTTSUNDENSIS","11 Praedium Wardsattra","Hieracium","umbellatum",NA,"Pratum"
"187",187,"GOTTSUNDENSIS","11 Praedium Wardsattra","Ophrys","Nidus",NA,"Pratum"
"188",188,"GOTTSUNDENSIS","12 Silva Regia","Mnium","serpyllifolium",NA,"Silva"
"189",189,"GOTTSUNDENSIS","12 Silva Regia","Mnium","Jungermanniam",NA,"Silva"
"190",190,"GOTTSUNDENSIS","12 Silva Regia","Mnium","pellucidum",NA,"Silva"
"191",191,"GOTTSUNDENSIS","12 Silva Regia","Marchantiam","hemisphaericam",NA,"Silva"
"192",192,"GOTTSUNDENSIS","12 Silva Regia","Hypnum","complanatum",NA,"Silva"
"193",193,"ULTUNENSIS","1 Tegelhagen","Cynosurus","cristatus",NA,"Rusticus"
"194",194,"ULTUNENSIS","1 Tegelhagen","Cynosurus","caeruleus",NA,"Rusticus"
"195",195,"ULTUNENSIS","1 Tegelhagen","Primula","veris",NA,"Rusticus"
"196",196,"ULTUNENSIS","1 Tegelhagen","Chaerophyllum","temulum",NA,"Rusticus"
"197",197,"ULTUNENSIS","1 Tegelhagen","Allium","oleraceum",NA,"Rusticus"
"198",198,"ULTUNENSIS","1 Tegelhagen","Cerastium","viscosum",NA,"Rusticus"
"199",199,"ULTUNENSIS","1 Tegelhagen","Geum","urbanum",NA,"Rusticus"
"200",200,"ULTUNENSIS","1 Tegelhagen","Leontodon","taraxacum",NA,"Rusticus"
"201",201,"ULTUNENSIS","1 Tegelhagen","Tragopogon","pratense",NA,"Rusticus"
"202",202,"ULTUNENSIS","1 Tegelhagen","Arctium","Lappa",NA,"Rusticus"
"203",203,"ULTUNENSIS","2 Piscina","Rumex","aquaticus",NA,"Fluvius"
"204",204,"ULTUNENSIS","2 Piscina","Alisma","Plantago",NA,"Fluvius"
"205",205,"ULTUNENSIS","2 Piscina","Callitriche","palustris",NA,"Fluvius"
"206",206,"ULTUNENSIS","2 Piscina","Polygonum","amphibium",NA,"Fluvius"
"207",207,"ULTUNENSIS","2 Piscina","Zannichellia","palustris",NA,"Fluvius"
"208",208,"ULTUNENSIS","2 Piscina","Chara","vulqaris",NA,"Fluvius"
"209",209,"ULTUNENSIS","2 Piscina","Lemna","polyrrhiza",NA,"Fluvius"
"210",210,"ULTUNENSIS","2 Piscina","Ulva","intestinalis",NA,"Fluvius"
"211",211,"ULTUNENSIS","2 Piscina","Conserva","rivularis",NA,"Fluvius"
"212",212,"ULTUNENSIS","2 Piscina","Myriophyllum","verticillatum",NA,"Fluvius"
"213",213,"ULTUNENSIS","3 Lupuleta","Galium","Aparine",NA,"Rusticus"
"214",214,"ULTUNENSIS","3 Lupuleta","Cuscuta","europaea",NA,"Rusticus"
"215",215,"ULTUNENSIS","3 Lupuleta","Asperugo","procumbens",NA,"Rusticus"
"216",216,"ULTUNENSIS","3 Lupuleta","Ribes","Vua crispa",NA,"Rusticus"
"217",217,"ULTUNENSIS","3 Lupuleta","Ornithogalum","luteum",NA,"Rusticus"
"218",218,"ULTUNENSIS","3 Lupuleta","Ornithogalum","minimum",NA,"Rusticus"
"219",219,"ULTUNENSIS","3 Lupuleta","Alsine","media",NA,"Rusticus"
"220",220,"ULTUNENSIS","3 Lupuleta","Chelidonium","majus",NA,"Rusticus"
"221",221,"ULTUNENSIS","3 Lupuleta","Galeopfis","Ladanum",NA,"Rusticus"
"222",222,"ULTUNENSIS","3 Lupuleta","Galeopsis","Tetrahit",NA,"Rusticus"
"223",223,"ULTUNENSIS","3 Lupuleta","Lamium","album",NA,"Rusticus"
"224",224,"ULTUNENSIS","3 Lupuleta","Lapsana","communis",NA,"Rusticus"
"225",225,"ULTUNENSIS","3 Lupuleta","Atriplex","patula",NA,"Rusticus"
"226",226,"ULTUNENSIS","4 Campus Polonicus","Festua","ovina",NA,"Urbis"
"227",227,"ULTUNENSIS","4 Campus Polonicus","Sagina","procumbens",NA,"Urbis"
"228",228,"ULTUNENSIS","4 Campus Polonicus","Androsace","septentrionalis",NA,"Urbis"
"229",229,"ULTUNENSIS","4 Campus Polonicus","Herniaria","glabra",NA,"Urbis"
"230",230,"ULTUNENSIS","4 Campus Polonicus","Myosurus","minimus",NA,"Urbis"
"231",231,"ULTUNENSIS","4 Campus Polonicus","Cerastium","pentandrum",NA,"Urbis"
"232",232,"ULTUNENSIS","4 Campus Polonicus","Scleranthus","annuus",NA,"Urbis"
"233",233,"ULTUNENSIS","4 Campus Polonicus","Arenaria","serpyllifolia",NA,"Urbis"
"234",234,"ULTUNENSIS","4 Campus Polonicus","Arenaria","rubra",NA,"Urbis"
"235",235,"ULTUNENSIS","4 Campus Polonicus","Gnaphalium","dioicum",NA,"Urbis"
"236",236,"ULTUNENSIS","4 Campus Polonicus","Gnaphalium","uliginosum",NA,"Urbis"
"237",237,"ULTUNENSIS","4 Campus Polonicus","Hieracium","Pilosella",NA,"Urbis"
"238",238,"ULTUNENSIS","4 Campus Polonicus","Carlina","vulgaris",NA,"Urbis"
"239",239,"ULTUNENSIS","4 Campus Polonicus","Osmunda","Lunaria",NA,"Urbis"
"240",240,"ULTUNENSIS","4 Campus Polonicus","Lichen","tartareus",NA,"Urbis"
"241",241,"ULTUNENSIS","4 Campus Polonicus","Lichen","Upsaliensis",NA,"Urbis"
"242",242,"ULTUNENSIS","4 Campus Polonicus","Lichen","nivalis:",NA,"Urbis"
"243",243,"ULTUNENSIS","4 Campus Polonicus","Peziza","lentifera",NA,"Urbis"
"244",244,"ULTUNENSIS","4 Campus Polonicus","Potentilla","vernalis",NA,"Urbis"
"245",245,"ULTUNENSIS","4 Campus Polonicus","Anemone","Pulsatilla",NA,"Urbis"
"246",246,"ULTUNENSIS","4 Campus Polonicus","Artemisia","campestris",NA,"Urbis"
"247",247,"ULTUNENSIS","4 Campus Polonicus","Bryum","apocarpum",NA,"Urbis"
"248",248,"ULTUNENSIS","4 Campus Polonicus","Bryum","extinctorium",NA,"Urbis"
"249",249,"ULTUNENSIS","4 Campus Polonicus","Lycoperdon","stellatum",NA,"Urbis"
"250",250,"ULTUNENSIS","5 Silva Regia","Pinus","Abies",NA,"Silva"
"251",251,"ULTUNENSIS","5 Silva Regia","Pinus","sylvestris",NA,"Silva"
"252",252,"ULTUNENSIS","5 Silva Regia","Juniperus","communis",NA,"Silva"
"253",253,"ULTUNENSIS","5 Silva Regia","Berberis","vulgaris",NA,"Silva"
"254",254,"ULTUNENSIS","5 Silva Regia","Oxalis","Acetosella",NA,"Silva"
"255",255,"ULTUNENSIS","5 Silva Regia","Adoxa","Moscatellina",NA,"Silva"
"256",256,"ULTUNENSIS","5 Silva Regia","Juncus","pilosus",NA,"Silva"
"257",257,"ULTUNENSIS","5 Silva Regia","Pyrola","secunda",NA,"Silva"
"258",258,"ULTUNENSIS","5 Silva Regia","Pyrola","uniflora",NA,"Silva"
"259",259,"ULTUNENSIS","5 Silva Regia","Agrostis","arundinacea",NA,"Silva"
"260",260,"ULTUNENSIS","5 Silva Regia","Pteris","aquilina",NA,"Silva"
"261",261,"ULTUNENSIS","5 Silva Regia","Polypodium","Dryopteris",NA,"Silva"
"262",262,"ULTUNENSIS","5 Silva Regia","Lycopodium","annotinum",NA,"Silva"
"263",263,"ULTUNENSIS","5 Silva Regia","Bryum","heteromallum",NA,"Silva"
"264",264,"ULTUNENSIS","5 Silva Regia","Bryum","undulatum",NA,"Silva"
"265",265,"ULTUNENSIS","5 Silva Regia","Bryum","pomiforme",NA,"Silva"
"266",266,"ULTUNENSIS","5 Silva Regia","Bryum","truncatulum",NA,"Silva"
"267",267,"ULTUNENSIS","5 Silva Regia","Bryum","flexuosum",NA,"Silva"
"268",268,"ULTUNENSIS","5 Silva Regia","Bryum","scoparium",NA,"Silva"
"269",269,"ULTUNENSIS","5 Silva Regia","Hypnum","velutinum",NA,"Silva"
"270",270,"ULTUNENSIS","5 Silva Regia","Hypnum","cupressiforme",NA,"Silva"
"271",271,"ULTUNENSIS","5 Silva Regia","Hypnum","taxifolium",NA,"Silva"
"272",272,"ULTUNENSIS","5 Silva Regia","Hypnum","triquetrum",NA,"Silva"
"273",273,"ULTUNENSIS","5 Silva Regia","Hypnum","Bryoides",NA,"Silva"
"274",274,"ULTUNENSIS","5 Silva Regia","Hypnum","purum",NA,"Silva"
"275",275,"ULTUNENSIS","5 Silva Regia","Hypnum","Crista castrenfis",NA,"Silva"
"276",276,"ULTUNENSIS","5 Silva Regia","Hypnum","proliferum",NA,"Silva"
"277",277,"ULTUNENSIS","5 Silva Regia","Hypnum","parietinum",NA,"Silva"
"278",278,"ULTUNENSIS","5 Silva Regia","Hypnum","abietinum",NA,"Silva"
"279",279,"ULTUNENSIS","5 Silva Regia","Hypnum","curtipendulum",NA,"Silva"
"280",280,"ULTUNENSIS","5 Silva Regia","Lichen","caninus",NA,"Silva"
"281",281,"ULTUNENSIS","5 Silva Regia","Lichen","venosus",NA,"Silva"
"282",282,"ULTUNENSIS","5 Silva Regia","Lichen","hirtus",NA,"Silva"
"283",283,"ULTUNENSIS","5 Silva Regia","Lichen","juniperinus",NA,"Silva"
"284",284,"ULTUNENSIS","5 Silva Regia","Lichen","plicatus",NA,"Silva"
"285",285,"ULTUNENSIS","5 Silva Regia","Jungermannia","ciliaris",NA,"Silva"
"286",286,"ULTUNENSIS","6 Fons Sandwiksensis","Hippuris","vulgaris",NA,"Fluvius"
"287",287,"ULTUNENSIS","6 Fons Sandwiksensis","Veronica","Beccabunga",NA,"Fluvius"
"288",288,"ULTUNENSIS","6 Fons Sandwiksensis","Ranunculus","aquaticus",NA,"Fluvius"
"289",289,"ULTUNENSIS","6 Fons Sandwiksensis","Hypnum","aduncum",NA,"Fluvius"
"290",290,"ULTUNENSIS","6 Fons Sandwiksensis","TuffiIago","Farfara",NA,"Fluvius"
"291",291,"ULTUNENSIS","6 Fons Sandwiksensis","Mnium","fontanum",NA,"Fluvius"
"292",292,"ULTUNENSIS","6 Fons Sandwiksensis","Mnium","palustre",NA,"Fluvius"
"293",293,"ULTUNENSIS","7 Ultuna","Stratiotes","Aloides",NA,"Rusticus"
"294",294,"ULTUNENSIS","7 Ultuna","Hydrocharis","Morsus ranae",NA,"Rusticus"
"295",296,"ULTUNENSIS","9 Liljeholmen","Asperula","tinctoria",NA,"Rusticus"
"296",297,"ULTUNENSIS","9 Liljeholmen","Hypericum","hirsutum",NA,"Rusticus"
"297",298,"ULTUNENSIS","9 Liljeholmen","Lobelia","Dortmanna",NA,"Rusticus"
"298",299,"ULTUNENSIS","9 Liljeholmen","Sisymbrium","aquaticum",NA,"Rusticus"
"299",300,"ULTUNENSIS","9 Liljeholmen","Phlalaris","arundinacea",NA,"Rusticus"
"300",301,"ULTUNENSIS","9 Liljeholmen","Statice","Armeria",NA,"Rusticus"
"301",302,"HAGENSIS","1Tecta Upsaliensia","Bromus","tectorum",NA,"Urbis"
"302",303,"HAGENSIS","1Tecta Upsaliensia","Sedum","Telephium",NA,"Urbis"
"303",304,"HAGENSIS","1Tecta Upsaliensia","Sedium","acre",NA,"Urbis"
"304",305,"HAGENSIS","1Tecta Upsaliensia","Bryum","rurale",NA,"Urbis"
"305",306,"HAGENSIS","1Tecta Upsaliensia","Sisymbrium","Sophia",NA,"Urbis"
"306",307,"HAGENSIS","1Tecta Upsaliensia","Crepis","tectorum",NA,"Urbis"
"307",308,"HAGENSIS","1Tecta Upsaliensia","Viola","bicolor",NA,"Urbis"
"308",309,"HAGENSIS","2 Agri Upsalieness","Agrostis","Spica venti",NA,"Agros"
"309",310,"HAGENSIS","2 Agri Upsalieness","Bromus","secalinus",NA,"Agros"
"310",311,"HAGENSIS","2 Agri Upsalieness","Vicia","Cracca",NA,"Agros"
"311",312,"HAGENSIS","2 Agri Upsalieness","Triticum","repens",NA,"Agros"
"312",313,"HAGENSIS","2 Agri Upsalieness","Veronica","arvensis",NA,"Agros"
"313",314,"HAGENSIS","2 Agri Upsalieness","Veronica","agrestis",NA,"Agros"
"314",315,"HAGENSIS","2 Agri Upsalieness","Lycopsis","arvensis",NA,"Agros"
"315",316,"HAGENSIS","2 Agri Upsalieness","Lithospermum","arvense",NA,"Agros"
"316",317,"HAGENSIS","2 Agri Upsalieness","Spergula","arvensis",NA,"Agros"
"317",318,"HAGENSIS","2 Agri Upsalieness","Sinapis","arvensis",NA,"Agros"
"318",319,"HAGENSIS","2 Agri Upsalieness","Thlaspi","arvense",NA,"Agros"
"319",320,"HAGENSIS","2 Agri Upsalieness","Thlaspi","Bursa pastoris",NA,"Agros"
"320",321,"HAGENSIS","2 Agri Upsalieness","Erysimum","Cheiranthoides",NA,"Agros"
"321",322,"HAGENSIS","2 Agri Upsalieness","Myagrum","sativum",NA,"Agros"
"322",323,"HAGENSIS","2 Agri Upsalieness","Lamium","amplexicaule",NA,"Agros"
"323",324,"HAGENSIS","2 Agri Upsalieness","Chenopodium","album",NA,"Agros"
"324",325,"HAGENSIS","2 Agri Upsalieness","Conium","maculatum",NA,"Agros"
"325",326,"HAGENSIS","2 Agri Upsalieness","Convolvulus","Polygonum",NA,"Agros"
"326",327,"HAGENSIS","2 Agri Upsalieness","Convolvulus","arvensis",NA,"Agros"
"327",328,"HAGENSIS","2 Agri Upsalieness","Polygonum","Persicaria",NA,"Agros"
"328",329,"HAGENSIS","2 Agri Upsalieness","Polygonun","amphibium",NA,"Agros"
"329",330,"HAGENSIS","2 Agri Upsalieness","Agrostema","Githago",NA,"Agros"
"330",331,"HAGENSIS","2 Agri Upsalieness","Delphinium","Consolida",NA,"Agros"
"331",332,"HAGENSIS","2 Agri Upsalieness","Fumaria","officinalis",NA,"Agros"
"332",333,"HAGENSIS","2 Agri Upsalieness","Ervum","hirsutum",NA,"Agros"
"333",334,"HAGENSIS","2 Agri Upsalieness","Anthemis","arvensis",NA,"Agros"
"334",335,"HAGENSIS","2 Agri Upsalieness","Centaurea","Cyanus",NA,"Agros"
"335",336,"HAGENSIS","2 Agri Upsalieness","Sonchus","arvensis",NA,"Agros"
"336",337,"HAGENSIS","2 Agri Upsalieness","Serratula","arvensis",NA,"Agros"
"337",338,"HAGENSIS","2 Agri Upsalieness","Carduus","crispus",NA,"Agros"
"338",339,"HAGENSIS","2 Agri Upsalieness","Artemisia","vulgaris",NA,"Agros"
"339",340,"HAGENSIS","3 Versurae Agrorum","Bromus","arvensis",NA,"Agros"
"340",341,"HAGENSIS","3 Versurae Agrorum","Cynosurus","glomeratus",NA,"Agros"
"341",342,"HAGENSIS","3 Versurae Agrorum","Lolium","perenne",NA,"Agros"
"342",343,"HAGENSIS","3 Versurae Agrorum","Plantago","lanccolata",NA,"Agros"
"343",344,"HAGENSIS","3 Versurae Agrorum","Tordylium","Anthriscus",NA,"Agros"
"344",345,"HAGENSIS","3 Versurae Agrorum","Papaver","Rhoeas",NA,"Agros"
"345",346,"HAGENSIS","3 Versurae Agrorum","Potentilla","repens",NA,"Agros"
"346",347,"HAGENSIS","3 Versurae Agrorum","Thlaspi","campeftre",NA,"Agros"
"347",348,"HAGENSIS","3 Versurae Agrorum","Achillea","Millefolium",NA,"Agros"
"348",349,"HAGENSIS","3 Versurae Agrorum","Anchusa","officinalis",NA,"Agros"
"349",350,"HAGENSIS","4 Saltus Rickombergensis","Aira","flexuosa",NA,"Silva"
"350",351,"HAGENSIS","4 Saltus Rickombergensis","Nardus","stricta",NA,"Silva"
"351",352,"HAGENSIS","4 Saltus Rickombergensis","Erica","vulgaris",NA,"Silva"
"352",353,"HAGENSIS","4 Saltus Rickombergensis","Spergula","nodosa",NA,"Silva"
"353",354,"HAGENSIS","4 Saltus Rickombergensis","Lichen","subulatus",NA,"Silva"
"354",355,"HAGENSIS","4 Saltus Rickombergensis","Lichen","cornutus",NA,"Silva"
"355",356,"HAGENSIS","5 Prataflogstadensia & Hagensia","Scirpus","palustris",NA,"Pratum"
"356",357,"HAGENSIS","5 Prataflogstadensia & Hagensia","Arundo","phragmites",NA,"Pratum"
"357",358,"HAGENSIS","5 Prataflogstadensia & Hagensia","Getiana","amarella",NA,"Pratum"
"358",359,"HAGENSIS","5 Prataflogstadensia & Hagensia","Lotus","corniculata",NA,"Pratum"
"359",360,"HAGENSIS","6 Rivulus","Cardamine","amara",NA,"Fluvius"
"360",361,"HAGENSIS","6 Rivulus","Poramogeton","natans",NA,"Fluvius"
"361",362,"HAGENSIS","6 Rivulus","Frontinalis","antipyretica",NA,"Fluvius"
"362",363,"HAGENSIS","6 Rivulus","Tremella","verrucosa",NA,"Fluvius"
"363",364,"HAGENSIS","7 Haga","Crataeus","Aira",NA,"Rusticus"
"364",365,"HAGENSIS","7 Haga","Euphrasia","Odontites",NA,"Rusticus"
"365",366,"HAGENSIS","7 Haga","Saxifraga","tridactyloides",NA,"Rusticus"
"366",367,"HAGENSIS","7 Haga","Ophioglossum","vulgatum",NA,"Rusticus"
"367",369,"DANENSIS","1 Pratum Regium","Veronica","Anagallis",NA,"Pratum"
"368",370,"DANENSIS","1 Pratum Regium","Valeriana","officinalis",NA,"Pratum"
"369",371,"DANENSIS","1 Pratum Regium","Scirpus","cespitosus",NA,"Pratum"
"370",372,"DANENSIS","1 Pratum Regium","Scirpus","acicularis",NA,"Pratum"
"371",373,"DANENSIS","1 Pratum Regium","Agrostis","rubra",NA,"Pratum"
"372",374,"DANENSIS","1 Pratum Regium","Agrostis","stolonifera",NA,"Pratum"
"373",375,"DANENSIS","1 Pratum Regium","Poa","annua",NA,"Pratum"
"374",376,"DANENSIS","1 Pratum Regium","Poa","angustifolia",NA,"Pratum"
"375",377,"DANENSIS","1 Pratum Regium","Glaux","maritima",NA,"Pratum"
"376",378,"DANENSIS","1 Pratum Regium","Festuca","rubra",NA,"Pratum"
"377",379,"DANENSIS","1 Pratum Regium","Parnassia","palustris",NA,"Pratum"
"378",380,"DANENSIS","1 Pratum Regium","Fritillaria","Meleagris",NA,"Pratum"
"379",381,"DANENSIS","1 Pratum Regium","Primula","farinosa",NA,"Pratum"
"380",382,"DANENSIS","1 Pratum Regium","Juncus","bulbosus",NA,"Pratum"
"381",383,"DANENSIS","1 Pratum Regium","Juncus","bufonius",NA,"Pratum"
"382",384,"DANENSIS","1 Pratum Regium","Rumex","acutus",NA,"Pratum"
"383",385,"DANENSIS","1 Pratum Regium","Triglochin","palustre",NA,"Pratum"
"384",386,"DANENSIS","1 Pratum Regium","Triglochin","maritimum",NA,"Pratum"
"385",387,"DANENSIS","1 Pratum Regium","Stellaria","graminea",NA,"Pratum"
"386",388,"DANENSIS","1 Pratum Regium","Lychnis","Flos cuculi",NA,"Pratum"
"387",389,"DANENSIS","1 Pratum Regium","Erysimum","Barbaraea",NA,"Pratum"
"388",390,"DANENSIS","1 Pratum Regium","Carex","capillaris",NA,"Pratum"
"389",391,"DANENSIS","1 Pratum Regium","Equisetum","arvense",NA,"Pratum"
"390",392,"DANENSIS","2 Ripae","Festuca","fluitans",NA,"Fluvius"
"391",393,"DANENSIS","2 Ripae","Iris","pseudAcorus",NA,"Fluvius"
"392",394,"DANENSIS","2 Ripae","Phellandrium","aquaticum",NA,"Fluvius"
"393",395,"DANENSIS","2 Ripae","Sium","latifolium",NA,"Fluvius"
"394",396,"DANENSIS","2 Ripae","Lysimachia","vulgaris",NA,"Fluvius"
"395",397,"DANENSIS","2 Ripae","Lythrum","Salicaria",NA,"Fluvius"
"396",398,"DANENSIS","2 Ripae","Equisetum","fluviatile",NA,"Fluvius"
"397",399,"DANENSIS","2 Ripae","Equisetum","palustre",NA,"Fluvius"
"398",400,"DANENSIS","3 Fluvius","Scirpus","lacustris",NA,"Fluvius"
"399",401,"DANENSIS","3 Fluvius","Potamogeton","perfoliatum",NA,"Fluvius"
"400",402,"DANENSIS","3 Fluvius","Potamogeton","pusillum",NA,"Fluvius"
"401",403,"DANENSIS","3 Fluvius","Nymphaea","lutea",NA,"Fluvius"
"402",404,"DANENSIS","3 Fluvius","Butomus","umbellatus",NA,"Fluvius"
"403",405,"DANENSIS","3 Fluvius","Sagittaria","sagittifolia",NA,"Fluvius"
"404",406,"DANENSIS","3 Fluvius","Sperganium","erectum",NA,"Fluvius"
"405",407,"DANENSIS","3 Fluvius","Conferva","reticulata",NA,"Fluvius"
"406",408,"DANENSIS","3 Fluvius","Spongia","fluviatilis",NA,"Fluvius"
"407",409,"DANENSIS","4 Templo Danemarkensi","Avena","fatua",NA,"Rusticus"
"408",410,"DANENSIS","4 Templo Danemarkensi","Aegopodium","Podagria",NA,"Rusticus"
"409",411,"DANENSIS","4 Templo Danemarkensi","Daucus","Carota",NA,"Rusticus"
"410",412,"DANENSIS","5 Lucus Nantunensis","Cistus","Helianthemum",NA,"Rusticus"
"411",413,"DANENSIS","5 Lucus Nantunensis","Melampyrum","nemorosum",NA,"Rusticus"
"412",414,"DANENSIS","5 Lucus Nantunensis","Melampyrum","sylvaticum",NA,"Rusticus"
"413",415,"DANENSIS","5 Lucus Nantunensis","Anthyllis","Vulneraria",NA,"Rusticus"
"414",416,"DANENSIS","5 Lucus Nantunensis","Carex","hirta",NA,"Rusticus"
"415",417,"DANENSIS","5 Lucus Nantunensis","Carex","muricata",NA,"Rusticus"
"416",418,"ANTIQUAE UPSALIENSIS","1 SEPTA","Chenopodium","polyspermum",NA,"Urbis"
"417",419,"ANTIQUAE UPSALIENSIS","1 SEPTA","Ethusa","Cynapium",NA,"Urbis"
"418",420,"ANTIQUAE UPSALIENSIS","1 SEPTA","Euphorbia","helioscopia",NA,"Urbis"
"419",421,"ANTIQUAE UPSALIENSIS","1 SEPTA","Euphorbia","Peplis",NA,"Urbis"
"420",422,"ANTIQUAE UPSALIENSIS","1 SEPTA","Ranunculus","repens",NA,"Urbis"
"421",423,"ANTIQUAE UPSALIENSIS","1 SEPTA","Erysimum","Irio",NA,"Urbis"
"422",424,"ANTIQUAE UPSALIENSIS","1 SEPTA","Lamium","purpureum",NA,"Urbis"
"423",425,"ANTIQUAE UPSALIENSIS","1 SEPTA","Bidens","tripartitus",NA,"Urbis"
"424",426,"ANTIQUAE UPSALIENSIS","1 SEPTA","Sonchus","oleraceus laevisasper",NA,"Urbis"
"425",427,"ANTIQUAE UPSALIENSIS","2 Pratumbarbyense","Serratula","tinctoria",NA,"Pratum"
"426",428,"ANTIQUAE UPSALIENSIS","2 Pratumbarbyense","Epilobium","palustre",NA,"Pratum"
"427",429,"ANTIQUAE UPSALIENSIS","3 Rupes","Bryum","pulvinatum",NA,"Rupes"
"428",430,"ANTIQUAE UPSALIENSIS","3 Rupes","Lichen","olivaceus",NA,"Rupes"
"429",431,"ANTIQUAE UPSALIENSIS","3 Rupes","Lichen","fragilis",NA,"Rupes"
"430",432,"ANTIQUAE UPSALIENSIS","3 Rupes","Lichen","sangvinarius",NA,"Rupes"
"431",433,"ANTIQUAE UPSALIENSIS","3 Rupes","Lichen","stygius",NA,"Rupes"
"432",434,"ANTIQUAE UPSALIENSIS","3 Rupes","Lichen","lanatus",NA,"Rupes"
"433",435,"ANTIQUAE UPSALIENSIS","3 Rupes","Lichen","atro-virens",NA,"Rupes"
"434",436,"ANTIQUAE UPSALIENSIS","3 Rupes","Lichen","falumensis",NA,"Rupes"
"435",437,"ANTIQUAE UPSALIENSIS","4 Tumuli Upsaliensis","Anemone","vernalis",NA,"Rusticus"
"436",438,"ANTIQUAE UPSALIENSIS","5 Wittulsbergensis","Veronica","scutellata",NA,"Rusticus"
"437",439,"ANTIQUAE UPSALIENSIS","5 Wittulsbergensis","Utricularia","vulgaris",NA,"Rusticus"
"438",440,"ANTIQUAE UPSALIENSIS","5 Wittulsbergensis","Utricularia","minor",NA,"Rusticus"
"439",441,"ANTIQUAE UPSALIENSIS","5 Wittulsbergensis","Eriophorum","alpinum",NA,"Rusticus"
"440",442,"ANTIQUAE UPSALIENSIS","5 Wittulsbergensis","Cicuta","virosa",NA,"Rusticus"
"441",443,"ANTIQUAE UPSALIENSIS","5 Wittulsbergensis","Selinum","palustre",NA,"Rusticus"
"442",444,"ANTIQUAE UPSALIENSIS","5 Wittulsbergensis","Drosera","longifolia",NA,"Rusticus"
"443",445,"ANTIQUAE UPSALIENSIS","5 Wittulsbergensis","Convallaria","bifolia",NA,"Rusticus"
"444",446,"ANTIQUAE UPSALIENSIS","5 Wittulsbergensis","Juncus","effusus",NA,"Rusticus"
"445",447,"ANTIQUAE UPSALIENSIS","5 Wittulsbergensis","Scheuchzeria","palustris",NA,"Rusticus"
"446",448,"ANTIQUAE UPSALIENSIS","5 Wittulsbergensis","Pedicularis","SceptCarolin",NA,"Rusticus"
"447",449,"ANTIQUAE UPSALIENSIS","5 Wittulsbergensis","Carex","limosa",NA,"Rusticus"
"448",450,"ANTIQUAE UPSALIENSIS","5 Wittulsbergensis","Carex","panicea",NA,"Rusticus"
"449",451,"ANTIQUAE UPSALIENSIS","5 Wittulsbergensis","Carduus","palustris",NA,"Rusticus"
"450",452,"WAXALENSIS","1 Via Upsaliensis","Solanum","Dulcamara",NA,"Urbis"
"451",453,"WAXALENSIS","1 Via Upsaliensis","Polygonium","Hydropiper",NA,"Urbis"
"452",454,"WAXALENSIS","1 Via Upsaliensis","Erysimum","officinale",NA,"Urbis"
"453",455,"WAXALENSIS","1 Via Upsaliensis","Lepidium","ruderale",NA,"Urbis"
"454",456,"WAXALENSIS","1 Via Upsaliensis","Antirrhinum","Linaria",NA,"Urbis"
"455",457,"WAXALENSIS","1 Via Upsaliensis","Carduus","lanceolatus",NA,"Urbis"
"456",458,"WAXALENSIS","2 Agri Waxalenses","Bromus","hordeaceus",NA,"Agros"
"457",459,"WAXALENSIS","2 Agri Waxalenses","Athamanta","Libanotis",NA,"Agros"
"458",460,"WAXALENSIS","2 Agri Waxalenses","Silene","nutans",NA,"Agros"
"459",461,"WAXALENSIS","2 Agri Waxalenses","Tillea","aquatica",NA,"Agros"
"460",462,"WAXALENSIS","2 Agri Waxalenses","Erysimum","Alliaria",NA,"Agros"
"461",463,"WAXALENSIS","2 Agri Waxalenses","Hieracium","dibium",NA,"Agros"
"462",464,"WAXALENSIS","2 Agri Waxalenses","Hieracium","Auricula",NA,"Agros"
"463",465,"WAXALENSIS","2 Agri Waxalenses","Medicago","falcata",NA,"Agros"
"464",466,"WAXALENSIS","2 Agri Waxalenses","Medicago","lupulina",NA,"Agros"
"465",467,"WAXALENSIS","2 Agri Waxalenses","Trifolium","montanum",NA,"Agros"
"466",468,"WAXALENSIS","2 Agri Waxalenses","Trifolium","arvense",NA,"Agros"
"467",469,"WAXALENSIS","2 Agri Waxalenses","Onopordum","Acanthium",NA,"Agros"
"468",470,"WAXALENSIS","2 Agri Waxalenses","Centaurea","Scabiosa",NA,"Agros"
"469",471,"WAXALENSIS","3 Prata Ekensia & Fallensia","Scabiosam","Succisam",NA,"Pratum"
"470",472,"WAXALENSIS","3 Prata Ekensia & Fallensia","Hypnum","alopecurum",NA,"Pratum"
"471",473,"WAXALENSIS","4 Falla","Scabiosam","arvensem",NA,"Rusticus"
"472",474,"WAXALENSIS","5 T<f3>rnby","Buphtalmo","tinctorio",NA,"Rusticus"
"473",476,"HUSBYENSIS","1 Luthagen","Ranunculus","sceleratus",NA,"Rusticus"
"474",477,"HUSBYENSIS","1 Luthagen","Lathyrus","palustris",NA,"Rusticus"
"475",478,"HUSBYENSIS","1 Luthagen","Vicia","sativa",NA,"Rusticus"
"476",479,"HUSBYENSIS","1 Luthagen","Myosotis","palustris",NA,"Rusticus"
"477",480,"HUSBYENSIS","1 Luthagen","Mentha","arvensis",NA,"Rusticus"
"478",481,"HUSBYENSIS","1 Luthagen","Vicia","sepium",NA,"Rusticus"
"479",482,"HUSBYENSIS","2 Ripa fluvii UPSALIENSIS","Lycopus","europaeus",NA,"Fluvius"
"480",483,"HUSBYENSIS","2 Ripa fluvii UPSALIENSIS","Limosella","aquatica",NA,"Fluvius"
"481",484,"HUSBYENSIS","2 Ripa fluvii UPSALIENSIS","Jungermannia","pusilla",NA,"Fluvius"
"482",485,"HUSBYENSIS","2 Ripa fluvii UPSALIENSIS","Fascum","acaulon",NA,"Fluvius"
"483",486,"HUSBYENSIS","2 Ripa fluvii UPSALIENSIS","Ranunculus","reptans",NA,"Fluvius"
"484",487,"HUSBYENSIS","2 Ripa fluvii UPSALIENSIS","Elatine","Hydropiper",NA,"Fluvius"
"485",488,"HUSBYENSIS","2 Ripa fluvii UPSALIENSIS","Riccia","crystallina",NA,"Fluvius"
"486",489,"HUSBYENSIS","3 Pratum Saltpetter<e1>ngen","Pedicularis","sylivatica",NA,"Pratum"
"487",490,"HUSBYENSIS","3 Pratum Saltpetter<e1>ngen","Orchis","latifolia",NA,"Pratum"
"488",491,"HUSBYENSIS","3 Pratum Saltpetter<e1>ngen","Montia","fontana",NA,"Pratum"
"489",492,"HUSBYENSIS","4 Prata","Tanactum","vulgare",NA,"Pratum"
"490",493,"HUSBYENSIS","4 Prata","Comarum","palustre",NA,"Pratum"
"491",494,"HUSBYENSIS","5 Nemus Regium","Linnaeum","horcalem",NA,"Silva"
"492",495,"HUSBYENSIS","5 Nemus Regium","Monotropam","Hypopithyn",NA,"Silva"
"493",497,"HUSBYENSIS","7 Templi Borfensis","Ophrys","Monorchis",NA,"Rusticus"
"494",498,"HUSBYENSIS","8 Praedium Kiattinge","Silenem","rupestrem",NA,"Pratum"
"495",499,"HUSBYENSIS","9 Pratum Nyflense","Aster","salicinus",NA,"Pratum"
"496",500,"HUSBYENSIS","10 Praedium Husby","Sedum","album",NA,"Pratum"
"497",501,"HUSBYENSIS","10 Praedium Husby","Sedum","sexangulare",NA,"Pratum"
"498",502,"HUSBYENSIS","10 Praedium Husby","Sedum","annuum",NA,"Pratum"
"499",503,"HUSBYENSIS","10 Praedium Husby","Linum","catharticum",NA,"Pratum"
"500",504,"HUSBYENSIS","10 Praedium Husby","Dianthus","deltoides",NA,"Pratum"
"501",505,"HUSBYENSIS","10 Praedium Husby","Erigeron","acre",NA,"Pratum"
"502",506,"HUSBYENSIS","10 Praedium Husby","Angelica","sylvestris",NA,"Pratum"
"503",507,"HUSBYENSIS","10 Praedium Husby","Polygala","vulgaris",NA,"Pratum"
"504",508,"JUMKILENSIS","1 Sylva Deserta","Arundo","calamogrostis",NA,"Silva"
"505",509,"JUMKILENSIS","1 Sylva Deserta","Scirpus","sylvaticus",NA,"Silva"
"506",510,"JUMKILENSIS","1 Sylva Deserta","Campanula","Cervicaria",NA,"Silva"
"507",511,"JUMKILENSIS","1 Sylva Deserta","Calla","palustris",NA,"Silva"
"508",512,"JUMKILENSIS","1 Sylva Deserta","Carduus","heterophyllus",NA,"Silva"
"509",513,"JUMKILENSIS","1 Sylva Deserta","Hieracium","paludosum",NA,"Silva"
"510",514,"JUMKILENSIS","1 Sylva Deserta","Gnaphalium","sylvaticum",NA,"Silva"
"511",515,"JUMKILENSIS","1 Sylva Deserta","Ranunculus","Lingva",NA,"Silva"
"512",516,"JUMKILENSIS","1 Sylva Deserta","Ranunculus","polyanthemus",NA,"Silva"
"513",517,"JUMKILENSIS","1 Sylva Deserta","Rubus","caesius",NA,"Silva"
"514",518,"JUMKILENSIS","1 Sylva Deserta","Equisetum","limosum",NA,"Silva"
"515",519,"JUMKILENSIS","1 Sylva Deserta","Equisetum","sylvaticum",NA,"Silva"
"516",520,"JUMKILENSIS","1 Sylva Deserta","Lycopodium","annotinum",NA,"Silva"
"517",521,"JUMKILENSIS","2 Palus Jumkilensis","Schoenus","albus",NA,"Palus"
"518",522,"JUMKILENSIS","2 Palus Jumkilensis","Hypnum","scorpioides",NA,"Palus"
"519",523,"JUMKILENSIS","2 Palus Jumkilensis","Splachnum","ampullaceum",NA,"Palus"
"520",524,"JUMKILENSIS","3 Plateae Urbis Upsaliensis","Myosotis","Lappula",NA,"Urbis"
"521",525,"JUMKILENSIS","3 Plateae Urbis Upsaliensis","Chenopodium","urbicum",NA,"Urbis"
"522",526,"JUMKILENSIS","3 Plateae Urbis Upsaliensis","Chenopodium","Bonus henricus",NA,"Urbis"
"523",527,"JUMKILENSIS","3 Plateae Urbis Upsaliensis","Hyoscyamus","niger",NA,"Urbis"
"524",528,"JUMKILENSIS","3 Plateae Urbis Upsaliensis","Cynoglossum","officinale",NA,"Urbis"
"525",529,"JUMKILENSIS","3 Plateae Urbis Upsaliensis","Geranium","cicutarium",NA,"Urbis"
"526",530,"JUMKILENSIS","3 Plateae Urbis Upsaliensis","Malva","rotundifolia",NA,"Urbis"
"527",531,"JUMKILENSIS","3 Plateae Urbis Upsaliensis","Antirrhinum","minus",NA,"Urbis"
"528",532,"JUMKILENSIS","3 Plateae Urbis Upsaliensis","Leonurus","Cardiaca",NA,"Urbis"
"529",533,"JUMKILENSIS","3 Plateae Urbis Upsaliensis","Marubium","vulgare",NA,"Urbis"
"530",534,"JUMKILENSIS","3 Plateae Urbis Upsaliensis","Artemisia","Absinthium",NA,"Urbis"
"531",535,"JUMKILENSIS","3 Plateae Urbis Upsaliensis","Senecio","vulgaris",NA,"Urbis"
"532",536,"JUMKILENSIS","3 Plateae Urbis Upsaliensis","Anthemis","Cotula",NA,"Urbis"
"533",537,"JUMKILENSIS","3 Plateae Urbis Upsaliensis","Urtica","urens",NA,"Urbis"
"534",538,"JUMKILENSIS","3 Plateae Urbis Upsaliensis","Urtica","dioica",NA,"Urbis"
