Family,Genus,Species,CODE,Past,Present,Merge,open (O) vs tubular (T),Length (mm),Width (mm),Flower's colour,BRC code,Name ,Fam,FamA,OrdA,NS,CS,RS,Chg,Hght,Len,P1,P2,LF1,LF2,W,Clone1,Clone2,E1,E2,C,NBI,NEur,SBI,SEur,Origin,GB,IR,CI,Tjan,Tjul,Prec,Co,Br Habitats,L,F,R,N,S,Source for max height,Comment on life form,Comment on clonality,Comment on N and S limits in Europe
Adoxaceae,Adoxa,moschatellina L.,Adoxmosc,1,0,1 0,O,,,green,0920 19,,Adox,Adox,Dips,N,,n,-0.05,12,,p,,Gn,,h,Rhiz1,,5,6,,0,>65,0,<45,,1720,2,0,3.3,14.9,1005,,1,4,5,6,5,0,average of CTW (1962) and Stace (1997),,,
Adoxaceae,Viburnum,opulus L.,Vibuopul,1,1,1 1,O,,,white,0920 2185,,Capr,Capr,Dips,N,,n,-0.15,400,,p,,Ph,,w,0,,7,6,,0,>65,0,<45,,1854,565,1,3.6,15,1019,,1,6,7,6,6,0,Stace (1997),,,
Alismataceae,Alisma,plantago-aquatica L.,Alisplan,1,1,1 1,O,,,white or pink,0920 63,,Alis,Alis,Alis,N,,n,-0.19,100,50,p,,Hy,,h,0,,6,6,,0,>65,0,<45,,1761,624,8,3.8,15.2,950,,"11, 13",7,10,7,7,0,Stace (1991); length of submerged lvs estimated from fact that does not flower when water deeper than 65 cm (Preston & Croft 1997),"although a water plant, basic behaviour is as a rosette hemicryptophyte",,
Alismataceae,Sagittaria,sagittifolia L.,Sagisagi,1,0,1 0,O,,,white,0920 1771,,Alis,Alis,Alis,N,,n,-0.44,,95,p,,Hy,,h,DRg,,5,4,,0,>65,0,<45,,640,114,0,3.7,15.8,747,,"13, 14",7,11,7,6,0,average of CTW (1962) and Stace (1997),,,
Amaranthaceae,Atriplex,patula L.,Atripatu,1,0,1 0,O,,,pink,0920 218,,Chen,Amar,Cary,N,,n,-0.34,87,,a,,Th,,h,0,,6,4,,0,>65,0,<45,,2318,787,12,3.7,14.8,1013,,"3, 4",7,5,7,7,2,average of Butcher (1961) and Stace (1991),,,
Amaranthaceae,Chenopodium,bonus-henricus L.,Chenbonu,1,0,1 0,O,,,Green-yellow?,0920 484,,Chen,Amar,Cary,AR,,,-1.79,50,,p,,hc,,h,0,,5,3,,,,,,Eur,1363,81,1,3.4,15.2,883,,3,8,5,7,8,0,Stace (1997),,,
Amaranthaceae,Chenopodium,polyspermun L.,Chenpoly,1,0,1 0,O,,,Green,0920 493,,Chen,Amar,Cary,AR,,,0.62,50,,a,,Th,,h,0,,7,4,,,,,,,998,8,12,3.9,16,794,,4,7,6,7,8,0,"half length in Stace (1997) ""decumbent to ascending""",,,
Amaranthaceae,Chenopodium,urbicum L.,Chenurbi,1,0,1 0,O,,,green,0920 498,,Chen,Amar,Cary,AR,,,-4.57,100,,a,,Th,,h,0,,7,4,,,,,,,239,1,0,4,16.1,762,,4,7,5,7,7,0,Stace (1997),,,
Amaryllidaceae,Allium,oleraceum L.,Allioler,1,1,1 1,O,,,pink,0920 68,,Lili,Alli,Aspa,N,,n,-0.24,80,,p,,Gb,,h,0tb,DRi,7,3,,0,>65,0,<45,,327,0,0,3.4,15.4,827,,7,7,5,7,4,0,Stace (1997),,,
Amaryllidaceae,Narcissus,asturiensis,Narcastu,0,1,0 1,O,,,Yellow,,,,,,,,,,,,,,,,,,,,,,,,,,,,,,,,,,,,,,,,,,,
Amaryllidaceae,Narcissus,pseudonarcissus,Narcpseu,0,1,0 1,O,,,Yellow,0920 5478,,Lili,Amar,Aspa,N,,n,0.87,35,,p,,Gb,,h,0tb,,8,2,,1,55-60,0,<45,,646,0,3,3.7,15.6,920,,3,7,5,6,5,0,CTW (1962),,,
Amaryllidaceae,Narcissus,tazetta,Narctaze,0,1,0 1,O,,,Yellow or white,,,,,,,,,,,,,,,,,,,,,,,,,,,,,,,,,,,,,,,,,,,
Apiaceae,Aegopodium,podagraria L.,Aegopoda,1,1,1 1,O,,,white,0920 20,,Apia,Apia,Apia,AR,,,-0.45,100,,p,,hc,,h,Rhiz2,,7,4,,,,,,"Eur, As1",2533,819,12,3.6,14.6,1064,,"3, 17",6,5,6,7,0,Stace (1997),,,
Apiaceae,Aethusa,cynapium L.,Aethcyna,1,0,1 0,O,,,white,0920 21,,Apia,Apia,Apia,NA,,n,-0.41,100,,a,,Th,,h,0,,7,3,,0,60-65,0,<45,,1640,0,9,3.6,15.5,863,,"3, 4, 17",6,4,7,6,0,Stace (1997),,,
Apiaceae,Angelica,sylvestris L.,Angesylv,1,1,1 1,O,,,white or pink,0920 109,,Apia,Apia,Apia,N,,n,0.12,200,,p,,hc,,h,0,,5,4,,0,>65,0,<45,,2726,968,5,3.5,14.4,1109,,"11, 16",7,8,6,5,0,CTW (1962),,,
Apiaceae,Anthriscus,sylvestris L.,Anthsylv,0,1,0 1,O,,,white,0920 125,,Apia,Apia,Apia,N,,n,-0.19,100,,p,,hc,,h,0,,5,5,,0,>65,0,<45,,2480,805,5,3.6,14.6,1039,,3,6,5,7,7,0,CTW (1962),,clonal growth is accompanied by almost no lateral spread,
Apiaceae,Carum,carvi L.,Carucarv,0,1,0 1,O,,,white,0920 430,,Apia,Apia,Apia,AR,,,-2.22,60,,b,,hc,,h,0,,,,,,,,,"Eur?, As1?",303,30,2,3.6,15,868,,"3, 6, 17",8,5,7,6,1,Stace (1991),,,
Apiaceae,Chaerophyllum,temulum L.,Chaetemu,1,0,1 0,O,,,white,0920 476,,Apia,Apia,Apia,N,,n,-0.64,100,,b,,hc,,h,0,,7,3,,1,55-60,0,<45,,1786,0,5,3.6,15.4,890,,3,6,5,7,7,0,Stace (1997),,,
Apiaceae,Cicuta,virosa L.,Cicuviro,1,0,1 0,O,,,white,0920 510,,Apia,Apia,Apia,N,,s,0.55,150,,p,,Hy,,h,0,,5,5,c,0,>65,0,<45,,139,139,0,3.5,14.8,926,,"11, 13, 14",7,10,7,5,0,Stace (1997),,,
Apiaceae,Conium,maculatum L.,Conimacu,1,0,1 0,O,,,white,0920 540,,Apia,Apia,Apia,AR,,,-0.02,250,,b,,hc,,h,0,,8,4,,,,,,,1847,476,13,3.9,15.2,915,,3,8,5,7,8,0,Stace (1997),,,
Apiaceae,Daucus,carota L.,Dauccaro,1,1,1 1,O,,,white,0920 5474,,Apia,Apia,Apia,N,,n,-0.59,100,,b,,hc,,h,0,,8,4,,0,60-65,0,<45,,1845,797,14,4,15,989,,"6, 7",8,4,7,3,2,CTW (1962),,,
Apiaceae,Heracleum,sphondylium L.,Heraspho,1,1,1 1,O,,,white,0920 968,,Apia,Apia,Apia,N,,n,0.08,175,,b,,hc,,h,0,,5,5,,0,>65,0,<45,,2692,959,14,3.6,14.5,1088,,"3, 6",7,5,7,7,0,average of Stace (1997) and Aeschimann & Burdet (1994) - conf. by personal observation (MOH),,,
Apiaceae,Laserpitium,latifolium L.,Laselati,1,0,1 0,O,,,white,,,,,,,,,,,,,,,,,,,,,,,,,,,,,,,,,,,,,,,,,,,
Apiaceae,Myrrhis,odorata,Myrrodor,0,1,0 1,O,,,white,0920 1333,,Apia,Apia,Apia,AN,,,-0.25,180,,p,,hc,,h,0,,,,,,,,,Eur,1152,147,0,3,14.1,1084,,"3, 17",7,6,7,7,0,Stace (1997),,,
Apiaceae,Oenanthe,aquatica,Oenaaqua,1,0,1 0,O,,,white,0920 1362,,Apia,Apia,Apia,N,,n,-0.35,150,,a,p,Hz,Hy,h,0,,7,4,,0,60-65,0,<45,,505,183,0,3.8,15.6,792,,11,7,10,7,6,0,Stace (1997),"According to CTW perennates by offsets, not by newly seeding; P & C (1994) regard it as annual.",,
Apiaceae,Pastinaca,sativa L.,Pastsati,0,1,0 1,O,,,yellow,0920 1440,,Apia,Apia,Apia,N,,n,-0.39,180,,b,,hc,,h,0,,7,4,,0,60-65,0,<45,,1011,0,7,3.8,16,774,,"3, 6, 2007",7,4,7,5,0,Stace (1997),,,
Apiaceae,Peucedanum,palustre,Peucpalu,1,1,1 1,O,,,white,0920 1453,,Apia,Apia,Apia,N,,s,-0.07,150,,b,,hc,,h,0,,5,4,c,0,>65,0,<45,,47,0,0,3.6,16.1,631,,11,7,9,7,5,0,Stace (1997),,,
Apiaceae,Pimpinella,saxifraga L.,Pimpsaxi,0,1,0 1,O,,,white,0920 1476,,Apia,Apia,Apia,N,,n,-0.31,70,,p,,hc,,h,0,,7,4,,0,>65,0,<45,,1938,391,0,3.6,15,968,,7,7,4,7,3,0,Stace (1997),,,
Apiaceae,Seseli,libanotis,Seseliba,1,0,1 0,O,,,white,0920 1907,,Apia,Apia,Apia,N,VU,r,,60,,b,,hc,,h,0,,7,5,c,0,>65,0,<45,,4,0,0,3.7,16.4,645,,7,7,4,8,3,0,Stace (1997),,,
Apiaceae,Sium,latifolium L.,Siumlati,1,1,1 1,O,,,white,0920 1944,,Apia,Apia,Apia,N,,s,-1.83,200,,p,,Hy,,h,0,,7,4,,0,>65,0,<45,,259,34,0,3.7,15.9,702,,"11, 14",7,10,7,7,0,Stace (1997),Presumably dies back to base in winter,,
Apiaceae,Torilis,japonica,Torijapo,1,0,1 0,O,,,white,0920 2069,,Apia,Apia,Apia,N,,n,-0.48,110,,a,,Th,,h,0,,7,5,,0,60-65,0,<45,,2178,824,9,3.7,14.9,1004,,3,7,5,7,7,0,average of Butcher (1961) and Stace (1991),,,
Apocynaceae,Vinca,minor,Vincmino,0,1,0 1,O,,,blue - purple,0920 2205,,Apoc,Apoc,Gent,AR,,,0.48,15,,p,,Ch,,h,Node2,,,,,,,,,Eur,1359,122,8,3.7,15.3,893,,"1, 3, 17",4,6,7,7,0,estimated canopy height (MOH),,,
Apocynaceae,Vincetoxicum,hirundinaria Medik.,Vinchiru,1,0,1 0,O,,,white,,,,,,,,,,,,,,,,,,,,,,,,,,,,,,,,,,,,,,,,,,,
Araceae,Calla,palustris L.,Callpalu,1,0,1 0,O,,,white,,,,,,,,,,,,,,,,,,,,,,,,,,,,,,,,,,,,,,,,,,,
Asparagaceae,Convallaria,majalis L.,Convmaja,1,1,1 1,O,,,white,0920 543,,Lili,Rusc,Aspa,N,,n,0.25,25,,p,,Gn,,h,Rhiz2,,5,3,,0,>65,0,<45,,439,0,0,3.3,15.5,831,,"1, 7",5,5,6,5,0,"Stace (1997) - this is also leaf length, average of CTW (1962) & Stace (1997)",,,
Asparagaceae,Maianthemum,bifolium,Maiabifo,1,1,1 1,O,,,white,0920 1229,,Lili,Rusc,Aspa,NA,VU,r,0.32,20,,p,,Gn,,h,Rhiz2,,5,5,c,0,>65,0,<45,,4,0,0,2.9,15,753,,"1, 2",3,5,3,3,0,Stace (1997),,,
Asparagaceae,Muscari,neglectum,Muscnegl,0,1,0 1,T?,,,Dark blue,0920 1313,,Lili,Hyac,Aspa,NA,VU,r,1.55,30,,p,,Gb,,h,0tb,DRg,8,4,,1,50-55,0,<45,,13,0,0,3.3,16.3,590,,"3, 8",7,3,7,5,0,Stace (1997),,According to Crompton et al. (RDB account) regenerates from offset bulbs,
Asparagaceae,Polygonatum,odoratum ,Polyodor,1,1,1 1,T?,,,white,0920 1518,,Lili,Rusc,Aspa,N,,s,0.34,40,,p,,Gn,,h,Rhiz2,,7,5,,0,>65,0,<45,,48,0,0,3.1,15.1,1091,,"1, 16",5,3,7,3,0,Stace (1991),,,
Asparagaceae,Puschkinia,scilloides,Puscscil,0,1,0 1,O,,,white,,,,,,,,,,,,,,,,,,,,,,,,,,,,,,,,,,,,,,,,,,,
Asparagaceae,Scilla,forbesii,Scilforb,0,1,0 1,O,,,blue - purple,,,,,,,,,,,,,,,,,,,,,,,,,,,,,,,,,,,,,,,,,,,
Asparagaceae,Scilla,siberica,Scilmill,0,1,0 1,O,,,blue ,,,,,,,,,,,,,,,,,,,,,,,,,,,,,,,,,,,,,,,,,,,
Asteraceae,Achillea,millefolium L.,Achimill,1,1,1 1,O,,,white,0920 7,,Aste,Aste,Aste,N,,n,0.29,45,,p,,Ch,,h,Rhiz2,,5,5,,0,>65,0,<45,,2774,968,14,3.5,14.5,1103,,"5, 6",7,5,6,4,1,CTW (1962),"The height refers to the flowering stem, not the low rosettes that overwinter",,
Asteraceae,Achillea,ptarmica,Achiptar,0,1,0 1,O,,,white,0920 9,,Aste,Aste,Aste,N,,n,-0.65,60,,p,,hc,,h,Rhiz1,,5,5,,0,>65,0,<45,,2382,492,0,3.3,14.3,1146,,11,7,7,5,3,0,Stace (1997),,may be widely spreading; it is regarded as inconveniently invasive by gardeners,
Asteraceae,Antennaria ,dioica,Antedioi,1,1,1 1,O,,,white or pink,0920 116,,Aste,Aste,Aste,N,,n,-0.88,15,,p,,Ch,,h,Stol1,,5,5,,0,>65,0,<45,,968,356,0,2.9,13.3,1379,,"7, 10",8,5,4,2,0,Butcher (1961),,,
Asteraceae,Anthemis,arvensis L.,Antharve,1,0,1 0,O,,,white,0920 117,,Aste,Aste,Aste,AR,,,-1.79,50,,a,,Th,,h,0,,8,3,,,,,,,696,19,7,3.7,15.6,797,,"3, 4",7,4,7,6,0,Stace (1997),,,
Asteraceae,Anthemis,cotula L.,Anthcotu,1,0,1 0,O,,,white,0920 118,,Aste,Aste,Aste,AR,,,-1.6,60,,a,,Th,,h,0,,8,3,,,,,,,1103,49,6,3.8,15.7,809,,4,7,5,6,6,0,Stace (1997),,,
Asteraceae,Anthemis,tinctoria L.,Anthtinc,0,1,0 1,O,,,yellow,,,,,,,,,,,,,,,,,,,,,,,,,,,,,,,,,,,,,,,,,,,
Asteraceae,Arctium,lappa L.,Arctlapp,1,0,1 0,T,,,strong purple,0920 151,,Aste,Aste,Aste,AR,,,0.51,150,,b,,hc,,h,0,,7,4,,,,,,,971,4,1,3.8,16,769,,3,9,5,7,9,0,Sell (draft),,,
Asteraceae,Arctium,tomentosum,Arcttome,0,1,0 1,T,,,purple,,,,,,,,,,,,,,,,,,,,,,,,,,,,,,,,,,,,,,,,,,,
Asteraceae,Artemisia,absinthium L.,Arteabsi,1,0,1 0,O,,,yellow,0920 170,,Aste,Aste,Aste,AR,,,-0.46,90,,p,,Ch,,sw,0,,7,4,,,,,,,1005,41,6,3.8,15.6,861,,"3, 16, 17",7,4,7,9,0,CTW (1962),The buds for next year's growth are mostly below 25 cm.,,
Asteraceae,Artemisia,campestris L.,Artecamp,1,0,1 0,O,,,light yellow,0920 171,,Aste,Aste,Aste,N,EN,r,-0.42,60,,p,,Ch,,sw,Rhiz1,,7,4,c,0,60-65,0,<45,,9,0,0,3.3,16.1,620,,"3, 8",8,3,6,5,0,CTW (1962),Has creeping woody underground stem; above-ground overwintering shoots much shorter than flowering stem,,
Asteraceae,Artemisia,vulgaris L.,Artevulg,1,1,1 1,T ?,,,yellow or red,0920 175,,Aste,Aste,Aste,AR,,,-0.2,150,,p,,hc,,h,0,,7,4,,,,,,,2109,489,12,3.7,14.9,984,,"3, 17",7,4,8,7,0,"Stace (1991) - biggest ones in Cambridge to 2.0 m (MOH, personal observation)",,,
Asteraceae,Aster,sibiricus,Astesibi,0,1,0 1,O,,,white-light purple,,,,,,,,,,,,,,,,,,,,,,,,,,,,,,,,,,,,,,,,,,,
Asteraceae,Bellis,perennis L.,Bellpere,0,1,0 1,O,,,white- light purple,0920 231,,Aste,Aste,Aste,N,,n,0.89,8,,p,,hc,,h,Rhiz1,,7,3,,0,60-65,0,<45,,2797,984,14,3.5,14.5,1105,,"5, 6",8,5,6,4,0,CTW (1962) - max leaf length,,"regenerates by means of stolons to form patches (CPE); these are subterranean (MOH, personal observation)",
Asteraceae,Bidens,tripartita,Bidetrip,1,0,1 0,O,,,yellow,0920 242,,Aste,Aste,Aste,N,,n,-0.43,67,,a,,Th,,h,0,,7,5,,0,>65,0,<45,,1055,222,5,3.9,15.5,884,,"11, 13",8,8,7,7,0,average of CTW (1962) and Stace (1997),,,
Asteraceae,Carduus ,acanthoides L.,Cardacan,0,1,0 1,T,,,purple,,,,,,,,,,,,,,,,,,,,,,,,,,,,,,,,,,,,,,,,,,,
Asteraceae,Carduus ,crispus,Cardcris,1,0,1 0,T,,,purple,0920 335,,Aste,Aste,Aste,N,,n,-0.18,135,,b,,hc,,h,0,,7,4,,0,>65,0,<45,,1464,58,1,3.5,15.4,832,,3,7,4,8,7,0,average of CTW (1962) and Stace (1997),,,
Asteraceae,Carlina,vulgaris L.,Carlvulg,1,1,1 1,O,,,yellow-white,0920 427,,Aste,Aste,Aste,N,,n,-0.85,50,,b,,hc,,h,0,,7,4,,0,60-65,0,<45,,1131,243,10,3.9,15.3,947,,7,8,4,7,2,0,"Stace (1997) says 60 cm; but Aeschimann & Burdet (1994) give 50 cm limit, Aizpuru et al. (1999) 40 cm, and Pearman et al. (2008) remark that it is exceptionally tall on Rum, to 0.5 m.",,,
Asteraceae,Centaurea,cyanus L.,Centcyan,1,1,1 1,O,,,blue-purple,0920 440,,Aste,Aste,Aste,AR,EN,,-0.39,80,,a,,Th,,h,0,,7,3,,,,,,,884,56,5,3.8,15.4,836,,"3, 4, 17",7,5,6,5,0,Stace (1991),,,
Asteraceae,Centaurea,jacea L.,Centjace,1,1,1 1,T,,,purple,,,,,,,,,,,,,,,,,,,,,,,,,,,,,,,,,,,,,,,,,,,
Asteraceae,Centaurea,scabiosa L.,Centscab,1,1,1 1,T,,,purple,0920 446,,Aste,Aste,Aste,N,,n,-0.49,105,,p,,hc,,h,0,,7,4,,0,60-65,0,<45,,1239,125,2,3.8,15.6,832,,"6, 7",8,3,8,3,0,average of CTW (1962) and Stace (1997),,,
Asteraceae,Cicerbita,alpina,Cicealpi,0,1,0 1,O,,,purple-pink-blue,0920 508,,Aste,Aste,Aste,N,VU,r,,130,,p,,hc,,h,Rhiz2,,4,3,,0,>65,0,<45,,4,0,0,-1.3,10.5,1375,,"15, 16",7,6,6,6,0,Stace (1991),,"CTW imply that only C. macrophylla is far-creeping, but this is probably not true",
Asteraceae,Cichorium,intybus L.,Cichinty,0,1,0 1,O,,,blue-purple,0920 509,,Aste,Aste,Aste,AR,,,-1.27,110,,p,,hc,,h,0,,8,4,,,,,,,1312,60,10,3.8,15.5,840,,3,8,4,7,5,0,average of CTW (1962) and Stace (1997),,,
Asteraceae,Cirsium,arvense,Cirsarve,1,1,1 1,T,,,purple,0920 515,,Aste,Aste,Aste,N,,n,0.47,120,,p,,Gn,,h,Root,,7,5,,0,>65,0,<45,,2736,968,14,3.6,14.5,1092,,"3, 4, 5, 6",8,6,7,6,0,Stace (1991),,,
Asteraceae,Cirsium,heterophyllum,Cirshete,1,0,1 0,O ?,,,purple,0920 518,,Aste,Aste,Aste,N,,n,-0.44,120,,p,,hc,,h,Rhiz1,,4,4,,0,>65,0,<45,,761,1,0,2,12.9,1476,,"6, 16",7,6,6,5,0,Stace (1997),,,
Asteraceae,Cirsium,palustre,Cirspalu,1,0,1 0,O?,,,purple,0920 520,,Aste,Aste,Aste,N,,n,0.15,175,,b,,hc,,h,0,,5,4,,0,>65,0,<45,,2697,955,12,3.5,14.5,1105,,"11, 14",7,8,5,4,0,average of CTW (1962) and Stace (1997),,,
Asteraceae,Cirsium,vulgare,Cirsvulg,0,1,0 1,O?,,,purple,0920 522,,Aste,Aste,Aste,N,,n,0.8,150,,b,,hc,,h,0,,7,4,,0,>65,0,<45,,2789,980,14,3.5,14.5,1103,,"3, 5, 6, 7",7,5,6,6,0,Stace (1997),,,
Asteraceae,Crepis,paludosa ,Creppalu,1,0,1 0,O,,,yellow,0920 576,,Aste,Aste,Aste,N,,n,-0.27,80,,p,,hc,,h,0,,5,3,,0,>65,0,<45,,1162,357,0,2.7,13.4,1334,,"11, 16",6,7,6,4,0,Stace (1997),,,
Asteraceae,Crepis,praemorsa,Crepprae,1,1,1 1,O,,,yellow,0920 4518,,Aste,Aste,Aste,N,EN,r,,60,,p,,hc,,h,0,,7,4,c,0,60-65,0,<45,,1,0,0,1.7,13.3,1333,,7,8,3,9,3,0,Stace (1997),,,
Asteraceae,Crepis,tectorum L.,Creptect,1,1,1 1,O,,,yellow,,,,,,,,,,,,,,,,,,,,,,,,,,,,,,,,,,,,,,,,,,,
Asteraceae,Erigeron,acer L.,Erigacer,1,1,1 1,O,,,white-pink,0920 733,,Aste,Aste,Aste,N,,n,0.33,50,,a,b,Th,hc,h,0,,5,6,,0,>65,0,<45,,974,80,5,3.8,15.9,774,,"3, 16",8,5,7,3,0,average of CTW (1962) and Stace (1997),"CTW say ""annual or biennial""",,
Asteraceae,Eupatorium,cannabinum,Eupacann,0,1,0 1,O,,,light pink,0920 763,,Aste,Aste,Aste,N,,n,-0.15,150,,p,,hc,,h,Rhiz1,,7,3,,0,60-65,0,<45,,1715,410,11,3.9,15.2,974,,11,7,8,6,7,0,Stace (1991),,a gregarious species (CTW),
Asteraceae,Gnaphalium,sylvaticum L.,Gnapsylv,1,0,1 0,T,,,pale brown,0920 940,,Aste,Aste,Aste,N,,n,-2.65,45,,p,,hc,,h,0,,5,4,,0,>65,0,<45,,1014,159,0,3,14.2,1112,,"3, 10",7,6,4,3,0,average of Butcher (1961) and Stace (1991),,,
Asteraceae,Gnaphalium,uliginosum ,Gnapulig,1,0,1 0,T,,,green,0920 941,,Aste,Aste,Aste,N,,n,0.8,24,,a,,Th,,h,0,,5,5,,0,>65,0,<45,,2383,699,12,3.6,14.6,1074,,"11, 13",7,6,6,5,0,average of Butcher (1961) and Stace (1991),,,
Asteraceae,Hieracium,canadense,Hiercana,0,1,0 1,O,,,yellow,,,,,,,,,,,,,,,,,,,,,,,,,,,,,,,,,,,,,,,,,,,
Asteraceae,Hieracium,dubium,Hierdubi,1,0,1 0,O,,,yellow,,,,,,,,,,,,,,,,,,,,,,,,,,,,,,,,,,,,,,,,,,,
Asteraceae,Hieracium,lactucella ,Hierlact,1,0,1 0,O,,,yellow,,,,,,,,,,,,,,,,,,,,,,,,,,,,,,,,,,,,,,,,,,,
Asteraceae,Hieracium,murorum L.,Hiermuro,1,1,1 1,O,,,yellow,,,,,,,,,,,,,,,,,,,,,,,,,,,,,,,,,,,,,,,,,,,
Asteraceae,Hieracium,pilosella L.,Hierpilo,1,1,1 1,O,,,yellow,,,,,,,,,,,,,,,,,,,,,,,,,,,,,,,,,,,,,,,,,,,
Asteraceae,Hieracium,radyrense,Hiervulg,0,1,0 1,O,,,yellow,,,,,,,,,,,,,,,,,,,,,,,,,,,,,,,,,,,,,,,,,,,
Asteraceae,Hieracium,tridentata,Hiertrid,0,1,0 1,O,,,yellow,,,,,,,,,,,,,,,,,,,,,,,,,,,,,,,,,,,,,,,,,,,
Asteraceae,Hieracium,umbellatum L.,Hierumbe,1,1,1 1,O,,,yellow,,,,,,,,,,,,,,,,,,,,,,,,,,,,,,,,,,,,,,,,,,,
Asteraceae,Hypochaeris,maculata L.,Hypomacu,1,1,1 1,O,,,yellow,0920 1019,,Aste,Aste,Aste,N,VU,r,-0.1,60,,p,,hc,,h,0,,7,4,c,0,>65,0,<45,,17,0,1,3.9,16.1,710,,7,8,4,8,3,0,Stace (1997),,,
Asteraceae,Inula,salicina L.,Inulsali,1,1,1 1,O,,,yellow,0920 1034,,Aste,Aste,Aste,N,,o,,60,,p,,hc,,h,Rhiz2,,7,5,c,0,>65,0,<45,,0,3,0,4.7,14.9,1017,,16,8,6,9,3,0,average of CTW (1962) and Stace (1997),,,
Asteraceae,Jacobaea,vulgaris Gaertn.,Jacovulg,1,0,1 0,O,,,yellow,,,,,,,,,,,,,,,,,,,,,,,,,,,,,,,,,,,,,,,,,,,
Asteraceae,Lactuca,muralis ,Lactmura,1,1,1 1,O,,,yellow,,,,,,,,,,,,,,,,,,,,,,,,,,,,,,,,,,,,,,,,,,,
Asteraceae,Lactuca,serriola,Lactserr,0,1,0 1,O,,,yellow,0920 1094,,Aste,Aste,Aste,AR,,,2.7,200,,a,b,hc,,h,0,,8,4,,,,,,,985,3,4,3.7,16.1,741,,"3, 17",8,5,7,6,0,Stace (1997),,,
Asteraceae,Lapsana,communis L.,Lapscomm,1,1,1 1,O,,,yellow,0920 1104,,Aste,Aste,Aste,NA,,n,-0.47,95,,a,,Th,,h,0,,7,3,,0,>65,0,<45,,2437,895,13,3.6,14.7,1059,,"3, 17",6,4,7,7,0,average of CTW (1962) and Stace (1997),,,
Asteraceae,Leontodon,autumnalis,Leodautu,0,1,0 1,O,,,yellow,0920 1129,,Aste,Aste,Aste,N,,n,1.33,60,,p,,hc,,h,0,,5,3,,0,>65,0,<45,,2771,942,13,3.5,14.4,1103,,6,8,6,6,4,1,Stace (1997),,,
Asteraceae,Leontodon,hispidus,Leonhisp,0,1,0 1,O,,,yellow,0920 1130,,Aste,Aste,Aste,N,,n,-0.59,35,,p,,hc,,h,0,,7,3,,0,>65,0,<45,,1702,267,3,3.6,15.2,918,,7,8,4,7,3,0,Sell (draft) - leaf length,,,
Asteraceae,Leucanthemum ,vulgare Lam.,Leucvulg,1,1,1 1,O,,,white and yellow,0920 502,,Aste,Aste,Aste,N,,n,-1.14,75,,p,,hc,,h,Rhiz1,,5,4,,0,>65,0,<45,,2532,916,13,3.6,14.6,1074,,"6, 7",8,4,7,4,0,Stace (1991),,sometimes forms clones but often rather short-lived,
Asteraceae,Logfia,arvensis,Logfarve,1,0,1 0,T,,,green,,,,,,,,,,,,,,,,,,,,,,,,,,,,,,,,,,,,,,,,,,,
Asteraceae,Matricaria,discoidea DC.,Matrdisc,0,1,0 1,O,,,yellow,0920 1242,,Aste,Aste,Aste,AN,,,-0.49,35,,a,,Th,,h,0,,,,,,,,,"As2?, Am?",2677,945,14,3.6,14.5,1086,,"3, 4",7,5,7,7,0,Stace (1997),,,
Asteraceae,Matricaria,matricarioides,Matrmatr,0,1,0 1,O,,,yellow,,,,,,,,,,,,,,,,,,,,,,,,,,,,,,,,,,,,,,,,,,,
Asteraceae,Matricaria,recutita L.,Matrrecu,0,1,0 1,O,,,yellow and white,0920 1239,,Aste,Aste,Aste,AR,,,0.92,60,,a,,Th,,h,0,,8,3,,,,,,,1588,51,11,3.7,15.5,868,,"3, 4",7,5,7,7,0,Stace (1997),,,
Asteraceae,Onopordum,acanthium L.,Onopacan,1,1,1 1,O,,,purple,0920 1379,,Aste,Aste,Aste,AR,,,0.66,200,,p,,hc,,h,0,,7,4,,,,,,,778,5,7,3.7,15.9,733,,"3, 17",8,4,6,7,0,average of CTW (1962) and Stace (1997),,,
Asteraceae,Picris,hieracioides,Picrhier,0,1,0 1,O,,,yellow,0920 1472,,Aste,Aste,Aste,N,,n,-0.06,95,,p,,hc,,h,0,,7,5,,0,60-65,0,<45,,885,0,8,3.8,16,781,,7,8,4,8,3,0,average of CTW (1962) and Stace (1997),,,
Asteraceae,Pilosella,officinarum,Pilooffi,0,1,0 1,O,,,yellow,0920 976,,Aste,Aste,Aste,N,,n,-0.59,12,,p,,hc,,h,Stol2,,7,3,,0,>65,0,<45,,2629,899,12,3.5,14.5,1094,,7,8,4,7,2,0,Sell (draft) - leaf length,,,
Asteraceae,Saussurea,alpina,Sausalpi,0,1,0 1,T,,,red-purple,0920 1825,,Aste,Aste,Aste,N,,n,-0.51,45,,p,,hc,,h,Stol1,,1,5,,0,>65,0,<45,,237,21,0,1.6,11.9,2010,,"7, 15, 16",8,6,6,3,0,Stace (1997),"CTW treat as a chamaephyte, but better as a hemicryptophyte, as it dies back to ground level in winter.",,
Asteraceae,Scorzoneroides,autumnalis,Scorautu,1,1,1 1,O,,,yellow,,,,,,,,,,,,,,,,,,,,,,,,,,,,,,,,,,,,,,,,,,,
Asteraceae,Senecio,viscosus,Senevisc,0,1,0 1,O,,,yellow,0920 1904,,Aste,Aste,Aste,AN,,,0.63,60,,a,,Th,,h,0,,7,3,,,,,,Eur,1747,69,1,3.4,15.1,920,,"3, 17, 19",8,5,7,6,1,Stace (1997),,,
Asteraceae,Senecio,vulgaris,Senevulg,1,1,1 1,T,,,yellow,0920 1905,,Aste,Aste,Aste,N,,n,-1.08,37,,a,,Th,,h,0,,8,3,,0,>65,0,<45,,2630,942,14,3.6,14.6,1075,,"3, 4, 17",7,5,7,7,0,average of CTW (1962) and Stace (1997),,,
Asteraceae,Serratula ,tinctoria L.,Serrtinc,1,0,1 0,T,,,purple,0920 1906,,Aste,Aste,Aste,N,,n,-0.21,70,,p,,hc,,h,0,,7,3,,0,60-65,0,<45,,945,0,2,3.8,15.5,965,,7,7,6,6,2,0,Stace (1997),,,
Asteraceae,Solidago,virgaurea L.,Solivirg,0,1,0 1,O,,,yellow,0920 1951,,Aste,Aste,Aste,N,,n,-0.89,70,,p,,hc,,h,0,,5,5,,0,>65,0,<45,,2043,492,5,3.4,14.2,1217,,"10, 16",5,5,4,3,0,Stace (1991),,,
Asteraceae,Sonchus,arvensis L.,Soncarve,1,1,1 1,O,,,yellow,0920 1952,,Aste,Aste,Aste,N,,n,-0.12,150,,p,,hc,,h,Rhiz2,,7,4,,0,>65,0,<45,,2320,806,9,3.8,14.8,1013,,4,8,6,7,6,1,Stace (1997),,,
Asteraceae,Sonchus,oleraceus,Soncoler,0,1,0 1,O,,,yellow,0920 1954,,Aste,Aste,Aste,N,,n,-0.42,150,,a,,Th,,h,0,,8,3,,0,>65,0,<45,,2358,924,14,3.7,14.8,1031,,"3, 4",7,5,7,7,0,Stace (1997),,,
Asteraceae,Tanacetum,vulgare L.,Tanavulg,1,1,1 1,O,,,yellow,0920 2033,,Aste,Aste,Aste,N,,n,-0.23,120,,p,,hc,,h,Rhiz1,,5,5,,0,>65,0,<45,,2004,0,10,3.5,15,958,,3,7,6,7,7,0,Stace (1997),,,
Asteraceae,Taraxacum,officinale,Taraoffi,1,1,1 1,O,,,yellow,0920 2034,,Aste,Aste,Aste,N,,n,0.43,30,,p,,hc,,h,0,,6,6,,0,>65,0,<45,,2778,974,14,3.5,14.5,1104,,"3, 5, 17",7,5,7,6,1,Typical maximum leaf length (MOH personal observation),,,
Asteraceae,Tragopogon ,pratensis L.,Tragprat,1,1,1 1,O,,,yellow,0920 2074,,Aste,Aste,Aste,N,,n,-0.3,75,,b,,hc,,h,0,,7,4,,0,60-65,0,<45,,1749,124,1,3.6,15.3,871,,6,8,4,7,5,0,Stace (1997),"not obvious why CTW treat it as sometimes a geophyte; almost always monocarpic (Heard, pers. Comm.)",,
Asteraceae,Tripleurospermum,perforatum,Tripperf,0,1,0 1,O,,,white and yellow,,,,,,,,,,,,,,,,,,,,,,,,,,,,,,,,,,,,,,,,,,,
Asteraceae,Tussilago,farfara,Tussfarf,0,1,0 1,O,,,yellow,0920 2109,,Aste,Aste,Aste,N,,n,-0.65,30,,p,,Gn,,h,Rhiz2,,5,4,,0,>65,0,<45,,2618,906,7,3.5,14.5,1085,,16,7,6,6,6,0,"Canopy height, est. by MOH",,,
Balsaminaceae,Impatiens,glandulifera Royle.,Impaglan,0,1,0 1,O,,,pink,0920 1026,,Bals,Bals,Eric,AN,,,1.85,200,,a,,Th,,h,0,,,,,,,,,As1,1599,286,6,3.7,15.1,957,,14,6,8,7,7,0,CTW (1962),,,
Balsaminaceae,Impatiens,parviflora,Impaparv,0,1,0 1,T,,,pale yellow,0920 1028,,Bals,Bals,Eric,AN,,,0.1,100,,a,,Th,,h,0,,,,,,,,,As1,470,1,0,3.5,15.7,821,,1,4,5,7,8,0,CTW (1962),,,
Berberidaceae,Berberis,vulgaris,Berbvulg,1,0,1 0,T,,,yellow,0920 232,,Berb,Berb,Ranu,NA,,n,-0.61,250,,p,,Pn,,w,Rhiz1,,7,3,,0,55-60,0,<45,,974,26,1,3.4,15.2,892,,"1, 3",7,4,8,3,0,CTW (1962),,,
Betulaceae,Alnus,glutinosa,Alnuglut,1,0,1 0,O???,,,,0920 77,,Betu,Betu,Faga,N,,n,-0.32,2000,,p,,Ph,,w,0,,7,4,,0,>65,0,<45,,2478,901,10,3.5,14.5,1100,,"1, 14",5,8,6,6,0,CTW (1962),,,
Betulaceae,Betula,pendula,Betupend,1,1,1 1,???,,,,0920 239,,Betu,Betu,Faga,N,,n,-0.23,2500,,p,,Ph,,w,0,,5,4,,0,>65,0,<45,,2293,390,0,3.3,14.6,1073,,1,7,5,4,4,0,CTW (1962),,,
Betulaceae,Betula,pubescens,Betupube,0,1,0 1,???,,,,0920 240,,Betu,Betu,Faga,N,,n,0.4,2000,,p,,Ph,,w,0,,5,4,,0,>65,0,<45,,2399,779,0,3.4,14.4,1123,,1,7,7,4,4,0,CTW (1962),,,
Betulaceae,Corylus,avellana L.,Coryavel,1,0,1 0,???,,,,0920 557,,Betu,Betu,Faga,N,,n,-0.54,600,,p,,Ph,,w,0,,7,3,,0,>65,0,<45,,2470,870,5,3.5,14.6,1094,,"1, 3",4,5,6,6,0,Stace (1991),,,
Boraginaceae,Anchusa,officinalis ,Anchoffi,1,0,1 0,O,,,purple,,,,,,,,,,,,,,,,,,,,,,,,,,,,,,,,,,,,,,,,,,,
Boraginaceae,Asperugo,procumbens L.,Aspeproc,1,0,1 0,O,,,blue,,,,,,,,,,,,,,,,,,,,,,,,,,,,,,,,,,,,,,,,,,,
Boraginaceae,Buglossoides,arvensis,Buglarve,1,0,1 0,T,,,white,,,,,,,,,,,,,,,,,,,,,,,,,,,,,,,,,,,,,,,,,,,
Boraginaceae,Cynoglossum,officinale L.,Cynooffi,1,0,1 0,O,,,red,0920 596,,Bora,Bora,Unpl,N,,n,-1.09,75,,p,,hc,,h,0,,7,4,,0,60-65,0,<45,,718,42,5,3.9,15.8,780,,"7, 19",8,4,8,6,1,average of CTW (1962) and Stace (1997),,,
Boraginaceae,Echium,vulgare L.,Echivulg,0,1,0 1,T,,,purple-blue,0920 670,,Bora,Bora,Unpl,N,,n,-0.24,90,,b,,hc,,h,0,,7,4,,0,60-65,0,<45,,1066,41,9,3.8,15.6,822,,7,8,4,7,4,1,CTW (1962),,,
Boraginaceae,Lycopsis,arvensis L.,Lycoarve,1,0,1 0,T,,,purple,,,,,,,,,,,,,,,,,,,,,,,,,,,,,,,,,,,,,,,,,,,
Boraginaceae,Myosotis,arvensis ,Myosarve,0,1,0 1,O,,,blue and yellow,0920 1317,,Bora,Bora,Unpl,AR,,,-0.34,40,,a,,Th,,h,0,,5,4,,,,,,,2577,748,8,3.5,14.6,1056,,"3, 4",7,5,6,6,0,Stace (1991),"""Occasionally perennating"" - CTW",,
Boraginaceae,Myosotis,lapula L.,Myoslapu,1,0,1 0,,,,,,,,,,,,,,,,,,,,,,,,,,,,,,,,,,,,,,,,,,,,,,,
Boraginaceae,Myosotis,laxa,Myoslaxa,0,1,0 1,O,,,blue and yellow,0920 1319,,Bora,Bora,Unpl,N,,n,0.65,40,,a,b,Th,hc,h,0,,5,6,,0,>65,0,<45,,2409,757,8,3.5,14.5,1085,,11,7,9,6,5,0,CTW (1962),,,
Boraginaceae,Myosotis,ramosissima,Myosramo,0,1,0 1,O,,,blue and yellow,0920 1320,,Bora,Bora,Unpl,N,,n,0.11,25,,a,,Th,,h,0,,8,3,,0,60-65,0,<45,,1174,52,14,3.8,15.5,823,,"8, 16",8,3,6,3,0,Stace (1997),,,
Boraginaceae,Myosotis,spp.,Myosspp,0,1,0 1,???,,,,,,,,,,,,,,,,,,,,,,,,,,,,,,,,,,,,,,,,,,,,,,
Boraginaceae,Myosotis,Scorpioides,Myosscor,1,1,1 1,O,,,blue-pink-white and yellow,0920 1322,,Bora,Bora,Unpl,N,,n,-0.77,57,,p,,hc,Hy,h,Stol1,,7,4,,0,>65,0,<45,,2291,662,3,3.5,14.7,1037,,"11, 14",7,9,6,6,0,average of CTW (1962) and Stace (1997),winter-green but dying back,,
Boraginaceae,Myosotis,Sylvatica,Myossylv,0,1,0 1,O,,,blue-white and yellow,0920 1325,,Bora,Bora,Unpl,N,,n,2.18,47,,p,,hc,,h,0,,7,5,,0,55-60,0,<45,,1690,24,4,3.4,15.1,931,,1,6,5,7,5,0,average of CTW (1962) and Stace (1997),,,
Boraginaceae,Pulmonaria,obscura,Pulmobsc,0,1,0 1,T,,,pink-red-violet,0920 5437,,Bora,Bora,Unpl,N,VU,r,,30,,p,,hc,,h,0,,7,3,c,0,60-65,0,<45,,1,0,0,3.2,16.1,577,,1,4,6,8,7,0,Stace (1997),,,
Boraginaceae,Pulmonaria,officinalis L.,Pulmoffi,1,0,1 0,T,,,pink-blue,0920 1628,,Bora,Bora,Unpl,AN,,,1.77,30,,p,,hc,,h,0,,7,3,c,,,,,Eur,682,8,0,3.4,15.3,922,,"1, 3, 17",5,5,8,6,0,Stace (1997),,,
Boraginaceae,Symphytum,x uplandicum,Sympxupp,0,1,0 1,T,16.79,6.112,purple,0920 2025,,Bora,Bora,Unpl,AN,,,,135,,p,,hc,,h,0,,,,,,,,,Eur,1924,399,8,3.6,15,952,,3,6,5,7,7,0,as S. officinale,,,
Brassicaceae,Alliaria,petiolata,Allipeti,1,1,1 1,O,,,white,0920 64,,Bras,Bras,Bras,N,,n,0.03,120,,b,,hc,,h,0,,7,3,,0,60-65,0,<45,,1990,367,9,3.6,15.1,935,,3,5,6,7,8,0,Rich (1991),,"CTW say it sometimes persists by root buds, but CPE say usually monocarpic",
Brassicaceae,Arabidopsis,arenosa,Cardaren,0,1,0 1,T,,,white- pink,,,,,,,,,,,,,,,,,,,,,,,,,,,,,,,,,,,,,,,,,,,
Brassicaceae,Arabidopsis,sp.,Arabsp,0,1,0 1,,,,,,,,,,,,,,,,,,,,,,,,,,,,,,,,,,,,,,,,,,,,,,,
Brassicaceae,Arabidopsis,thaliana,Arabthal,1,0,1 0,T?,,,white,0920 142,,Bras,Bras,Bras,N,,n,1.21,30,,a,,Th,,h,0,,7,4,,0,>65,0,<45,,2218,509,13,3.5,14.8,1034,,"16, 17",8,3,6,2,0,Stace (1991),,,
Brassicaceae,Arabis,glabra,Arabglab,1,0,1 0,O,,,white,0920 2108,,Bras,Bras,Bras,N,VU,s,-1.16,100,,b,,hc,,h,0,,7,4,,0,>65,0,<45,,151,0,1,3.5,16,686,,8,7,3,8,5,0,Rich (1991),,,
Brassicaceae,Arabis,hirsuta,Arabhirs,1,0,1 0,O,,,white,0920 146,,Bras,Bras,Bras,N,,n,-1.02,40,,b,p,hc,,h,0,,5,6,,0,>65,0,<45,,1042,143,4,3.3,14.6,1104,,"7, 16",7,5,8,3,0,Rich (1991),,,
Brassicaceae,Armoracia,rusticana,Armorust,0,1,0 1,O,,,white,0920 167,,Bras,Bras,Bras,AR,,,0.05,150,,p,,hc,,h,Rhiz2,,7,3,,,,,,Crop,1532,111,10,3.8,15.6,850,,3,8,5,7,7,0,Rich (1991),,,
Brassicaceae,Barbarea,vulgaris,Barbvulg,1,1,1 1,T,,,yellow,0920 229,,Bras,Bras,Bras,N,,n,-0.02,90,,b,p,hc,,h,0,,7,4,,0,60-65,0,<45,,1869,615,3,3.7,15,943,,"3, 14",7,6,7,8,0,Rich (1991),,,
Brassicaceae,Bunias,orientalis L.,Buanorie,0,1,0 1,O,,,yellow,,,,,,,,,,,,,,,,,,,,,,,,,,,,,,,,,,,,,,,,,,,
Brassicaceae,Camelina,sativa,Camesati,1,0,1 0,O,,,white-yellow,0920 4352,,Bras,Bras,Bras,AR,,,,100,,a,b,Th,hc,h,0,,,,,,,,,Unk,248,17,3,3.9,15.6,793,,"4, 17",7,4,7,6,0,Rich (1991),"Rich (1991) says ""annual or biennial""",,
Brassicaceae,Capsella,bursa -pastoris,Capsburs,1,1,1 1,O,,,white,0920 325,,Bras,Bras,Bras,AR,,,-1.01,50,,a,,Th,,h,0,,6,4,,,,,,,2632,917,14,3.6,14.6,1073,,"4, 17",7,5,7,7,0,Rich (1991),,,
Brassicaceae,Cardamine,amara L.,Cardamar,1,0,1 0,O,,,white,0920 327,,Bras,Bras,Bras,N,,n,0,50,,p,,hc,,h,Node1,,7,3,,0,>65,0,<45,,1117,39,0,2.9,14.7,943,,"1, 14",6,9,7,6,0,Rich (1991),,CPE say that it forms extensive clonal patches by means of stolons,
Brassicaceae,Cardamine,bulbifera,Cardbulb,1,0,1 0,T,,,white-pink,0920 625,,Bras,Bras,Bras,N,,s,0.36,70,,p,,Gn,,h,Rhiz1,DRa,7,3,c,0,60-65,0,<45,,25,0,0,3.7,16.4,780,,1,3,5,7,6,0,Rich (1991),,,
Brassicaceae,Cardamine,impatiens L.,Cardimpa,1,0,1 0,O,,,white,0920 330,,Bras,Bras,Bras,N,,s,-0.09,80,,b,,hc,,h,0,,7,5,,0,60-65,0,<45,,159,1,0,3.3,15.5,933,,"1, 3",6,5,8,7,0,Rich (1991),,,
Brassicaceae,Cardamine,pratensis L.,Cardprat,1,1,1 1,O,,,white-pink,0920 331,,Bras,Bras,Bras,N,,n,0.42,60,,p,,hc,,h,0,Leaf,3,6,,0,>65,0,<45,,2721,931,10,3.5,14.4,1104,,"6, 11",7,8,5,4,0,Stace (1997),,,
Brassicaceae,Draba,muralis L.,Drabmura,1,0,1 0,O,,,white,0920 652,,Bras,Bras,Bras,N,,s,-0.17,50,,a,,Th,,h,0,,7,3,,0,60-65,0,<45,,41,0,0,2.4,14.4,1151,,"3, 16",7,6,7,6,0,Rich (1991),,,
Brassicaceae,Erophila,verna,Eropvern,1,1,1 1,O,,,white,0920 4342,,Bras,Bras,Bras,N,,n,,10,,a,,Th,,h,0,,,,,,,,,,1074,177,6,3.6,15.2,918,,"3, 16, 17",8,3,6,3,0,Stace (1991),,,Native range doubtful
Brassicaceae,Erysimum,cheiranthoides L.,Eryschei,1,0,1 0,T,,,yellow,0920 759,,Bras,Bras,Bras,AR,,,-0.65,90,,a,,Th,,h,0,,5,6,,,,,,Unk,929,80,2,3.7,15.7,804,,"3, 4",7,5,7,7,0,Rich (1991),,,
Brassicaceae,Lepidium ,campestre,Lepicamp,1,0,1 0,O?,,,white,0920 1133,,Bras,Bras,Bras,AR,,,-0.7,40,,a,,Th,,h,0,,7,3,,,,,,,886,26,1,3.8,15.8,801,,"3, 4, 17",7,4,7,6,0,Rich (1991),,,
Brassicaceae,Lepidium ,ruderale L.,Lepirude,1,0,1 0,O,,,white,0920 1137,,Bras,Bras,Bras,AR,,,-0.04,40,,a,,Th,,h,0,,7,4,,,,,,,545,7,4,3.9,16,757,,"3, 17",9,4,7,7,0,Rich (1991),,,
Brassicaceae,Nasturtium,officinale,Nastoffi,1,0,1 0,O,,,white,,,,,,,,,,,,,,,,,,,,,,,,,,,,,,,,,,,,,,,,,,,
Brassicaceae,Sinapis,arvensis L.,Sinaarve,1,1,1 1,O,,,yellow,0920 1933,,Bras,Bras,Bras,AR,,,-1.76,90,,a,,Th,,h,0,,7,4,,,,,,,2373,772,11,3.7,14.7,1012,,"3, 4, 17",8,5,7,7,0,average of Rich (1991) and CTW (1962),,,
Brassicaceae,Sisymbrium,altissimum,Sisyalti,0,1,0 1,T,,,yellow-white,0920 1935,,Bras,Bras,Bras,AN,,,-0.84,100,,a,,Th,,h,0,,,,,,,,,Eur,614,29,3,3.7,15.6,771,,"3, 17",8,5,6,4,0,Rich (1991),,,
Brassicaceae,Sisymbrium,irio L.,Sisyirio,1,0,1 0,T,,,yellow,,,,,,,,,,,,,,,,,,,,,,,,,,,,,,,,,,,,,,,,,,,
Brassicaceae,Sisymbrium,officinale,Sisyoffi,1,0,1 0,O?,,,yellow,0920 1938,,Bras,Bras,Bras,AR,,,-0.21,95,,a,b,Th,hc,h,0,,8,3,,,,,,,2117,775,13,3.8,15,973,,"3, 4, 17",7,4,7,7,0,average of Rich (1991) and CTW (1962),Rich (1991) says it can be annual or biennial.,,
Brassicaceae,Sisymbrium,sophia L.,Sisysoph,1,0,1 0,O?,,,yellow,,,,,,,,,,,,,,,,,,,,,,,,,,,,,,,,,,,,,,,,,,,
Brassicaceae,Thlaspi,arvense L.,Thlaarve,1,1,1 1,O,,,white,0920 2058,,Bras,Bras,Bras,AR,,,0.16,50,,a,,Th,,h,0,,7,5,,,,,,,1600,143,10,3.7,15.3,858,,"3, 4",7,4,7,6,0,Rich (1991),,,
Brassicaceae,Thlaspi,caerulescens,Thlacaer,0,1,0 1,O,,,white,0920 2057,,Bras,Bras,Bras,N,,s,0.01,40,,p,,Ch,,h,0,,4,3,,1,55-60,0,<45,,70,0,0,2,13.5,1314,,16,8,4,6,1,0,Rich (1991),"Its claim to be a chamaephyte is the somewhat woody stock; the height refers to the flowering stem, not the ground-level stock",,
Butomaceae,Butomus,umbellatus,Butoumbe,1,1,1 1,T?,,,white ,0920 288,,Buto,Buto,Alis,N,,n,-0.04,150,150,p,,Hy,,h,Rhiz2,DRg,7,4,,0,>65,0,<45,,685,0,0,3.7,16,715,,"13, 14",7,11,7,7,0,Stace (1997),,Spread occasionally by detached lateral buds developing on rhizome,
Campanulaceae,Campanula,cervicaria L.,Campcerv,1,0,1 0,T?,,,purple,,,,,,,,,,,,,,,,,,,,,,,,,,,,,,,,,,,,,,,,,,,
Campanulaceae,Campanula,glomerata,Campglom,0,1,0 1,T?,,,purple,0920 315,,Camp,Camp,Aste,N,,n,-0.51,20,,p,,hc,,h,0,,7,5,c,0,60-65,0,<45,,432,0,0,3.4,15.8,737,,7,8,4,7,3,0,CTW (1962),,,
Campanulaceae,Campanula,latifolia L.,Camplati,1,1,1 1,T?,,,purple,0920 316,,Camp,Camp,Aste,N,,n,-0.23,120,,p,,hc,,h,0,,7,3,,0,>65,0,<45,,944,0,0,2.9,14.6,914,,1,4,5,7,6,0,Stace (1997),,,
Campanulaceae,Campanula,persicifolia L.,Camppers,1,1,1 1,O,,,purple,0920 319,,Camp,Camp,Aste,AN,,,2.8,80,,p,,hc,,h,Rhiz1,,7,3,c,,,,,Eur,369,1,1,3.5,15.5,825,,"1, 3",6,5,7,6,0,Stace (1991),,,
Campanulaceae,Campanula,rapunculoides L.,Camprapu,0,1,0 1,T?,,,purple,0920 320,,Camp,Camp,Aste,AN,,,-1.24,80,,p,,Gn,,h,Rhiz2,,7,3,,,,,,Eur,585,16,0,3.4,15.5,763,,"3, 17",6,4,7,5,0,Stace (1997),,Carrot-like tubers are roots; lateral spread is by underground stolons,
Campanulaceae,Campanula,rotundifolia L.,Camprotu,1,1,1 1,T?,,,purple,0920 322,,Camp,Camp,Aste,N,,n,-0.92,45,,p,,hc,,h,Rhiz1,Node1,5,6,,0,>65,0,<45,,2294,270,0,3.2,14.4,1104,,7,7,4,5,2,0,average of CTW (1962) and Stace (1997),,Creeping stems which ramify locally at soil surface (CPE),
Campanulaceae,Campanula,trachelium L.,Camptrac,1,1,1 1,T?,,,purple,0920 323,,Camp,Camp,Aste,N,,n,0.14,90,,p,,hc,,h,0,,7,3,,0,60-65,0,<45,,555,17,0,3.6,16,753,,1,4,5,7,6,0,average of CTW (1962) and Stace (1997),,,
Campanulaceae,Jasione,montana L.,Jasimont,0,1,0 1,O,,,purple,0920 1048,,Camp,Camp,Aste,N,,n,-1.08,50,,b,,hc,,h,0,,7,3,,0,60-65,0,<45,,1076,420,14,4,14.8,1152,,"8, 10",7,4,4,2,0,Stace (1997),,,
Campanulaceae,Lobelia,dortmanna L.,Lobedort,1,0,1 0,T,,,white ,0920 1177,,Camp,Camp,Aste,N,,n,-0.05,,4,p,,Hy,,h,0,,4,3,,0,>65,0,<45,,570,178,0,3,12.9,1635,,13,8,12,5,1,0,CTW (1962) - leaf length,,,
Caprifoliaceae,Knautia,arvensis,Knauarve,1,0,1 0,O,,,purple-`pink,0920 1084,,Dips,Dips,Dips,N,,n,-0.88,100,,p,,hc,,h,0,,7,4,,0,>65,0,<45,,1707,478,4,3.8,15.2,919,,"6, 7",7,3,8,4,0,Stace (1997),,,
Caprifoliaceae,Lonicera,xylosteum L.,Lonixylo,1,0,1 0,O,,,white ,0920 1189,,Capr,Capr,Dips,AN,,,0.58,200,,p,,Pn,,w,0,,7,4,,,,,,"Eur, As1",242,16,0,3.4,15.2,874,,"1, 3",5,5,7,6,0,Stace (1997),,,
Caprifoliaceae,Sambucus ,nigra,Sambnigr,0,1,0 1,O,,,white ,0920 1815,,Capr,Capr,Dips,N,,n,-0.75,1000,,p,,Ph,,w,0,,7,3,,0,60-65,0,<45,,2457,919,14,3.6,14.7,1061,,"3, 17",6,5,7,7,0,Stace (19910,,,
Caprifoliaceae,Succisa,"pratensis Moench,",Succprat,1,0,1 0,O,,,purple,0920 2021,,Dips,Dips,Dips,N,,n,-0.57,100,,p,,hc,,h,0,Rhiz1,7,4,,0,>65,0,<45,,2633,934,2,3.5,14.4,1124,,6,7,7,5,2,0,Stace (1997),,"may produce stolons to 10 cm (Biol Flora, 1955); limited potential for clonal growth (J Ecol 91,19,2003)",
Caprifoliaceae,Valeriana,officinalis L.,Valeoffi,1,1,1 1,T,,,white-pink,0920 2140,,Vale,Vale,Dips,N,,n,-0.64,175,,p,,hc,,h,0,Rhiz1,5,5,,0,>65,0,<45,,2408,808,0,3.4,14.5,1115,,11,6,8,6,5,0,average of CTW (1962) and Stace (1997),,"Some genotypes produce stolons, others do not (Sell); epigeal or hypogeal (CPE); rarely produces bulbils (CPE)",
Carophyllaceae,Agrostemma,githago L.,Agrogith,1,0,1 0,O,,,pink,0920 34,,Cary,Cary,Cary,AR,EW,,-0.75,100,,a,,Th,,h,0,,,,,,,,,Unk,815,96,5,3.9,15.6,852,,4,7,5,6,5,0,Stace (1991),,,
Carophyllaceae,Arenaria,serpyllifolia L.,Arenserp,1,1,1 1,O,,,white,0920 162,,Cary,Cary,Cary,N,,n,-0.76,30,,a,,Th,,h,0,,8,4,,0,>65,0,<45,,2147,522,13,3.6,14.9,986,,16,8,3,7,5,0,Stace (1997),,,
Carophyllaceae,Cerastium,fontanum,Cerafont,0,1,0 1,O,,,white,0920 467,,Cary,Cary,Cary,N,,n,1.4,30,,p,,Ch,,h,Rhiz1,Node1,5,4,,0,>65,0,<45,,2805,985,14,3.5,14.4,1106,,"5, 6",7,5,5,4,0,average of Butcher (1961) and CTW (1962),,,
Carophyllaceae,Cerastium,glomeratum,Ceravisc,1,0,1 0,O,,,white,0920 466,,Cary,Cary,Cary,N,,n,1.44,30,,a,,Th,,h,0,,8,3,,0,55-60,0,<45,,2631,823,14,3.6,14.5,1079,,"3, 5",7,5,6,5,0,average of Butcher (1961) and CTW (1962),,,
Carophyllaceae,Cerastium,pentandrum L.,Cerapent,1,0,1 0,O,,,white,,,,,,,,,,,,,,,,,,,,,,,,,,,,,,,,,,,,,,,,,,,
Carophyllaceae,Cerastium,tomentosum,Ceratomt,0,1,0 1,O,,,white,0920 470,,Cary,Cary,Cary,AN,,,2.97,30,,p,,Ch,,h,Rhiz2,Node2,,,,,,,,Eur,1303,140,8,3.7,15.2,898,,"3, 17, 19",8,3,7,5,1,CTW (1962),,,
Carophyllaceae,Dianthus,deltoides L.,Diandelt,1,1,1 1,O,,,pink,0920 635,,Cary,Cary,Cary,N,,s,-0.41,37,,p,,Ch,,sw,0,,5,4,c,0,>65,0,<45,,223,0,1,3.1,15,797,,7,8,3,5,2,0,average of Butcher (1961) and CTW (1962),Definitely a chamaephyte; the overwintering bits are down below,,
Carophyllaceae,Herniaria,glabra L.,Hernglab,1,0,1 0,O,,,green,0920 973,,Cary,Cary,Cary,N,,r,0.83,5,,b,a,hc,Th,h,0,,7,4,,0,60-65,0,<45,,16,0,0,3.2,16.1,624,,8,8,5,6,2,0,estimated canopy height (MOH),"Stace says ""annual to perennial"", but CTW say ""rarely perennial""",,
Carophyllaceae,Lychnis,flos-cuculi L.,Lychflos,1,0,1 0,O,,,pink,0920 1210,,Cary,Cary,Cary,N,,n,-0.79,75,,p,,hc,,h,0,,7,4,,0,>65,0,<45,,2569,765,9,3.5,14.5,1095,,11,7,9,6,4,0,Stace (1997),,,
Carophyllaceae,Sagina,nodosa,Saginodo,1,0,1 0,O,,,white,0920 1766,,Cary,Cary,Cary,N,,n,-1.14,15,,p,,Ch,hc,h,0,,5,4,,0,>65,0,<45,,1148,482,6,3.6,14.3,1089,,"11, 19",8,7,7,3,1,Stace (1997),perhaps genuinely intermediate; it depends on whether most stems die back,,
Carophyllaceae,Sagina,procumbens L.,Sagiproc,1,0,1 0,O,,,green and white,0920 1767,,Cary,Cary,Cary,N,,n,1.28,20,,p,,hc,,h,0,Node1,5,4,,0,>65,0,<45,,2788,951,14,3.5,14.4,1106,,"6, 16, 17",7,6,6,5,1,Stace (1997),,rooting of prostrate stems may occasionally result in clonal patches (CPE),
Carophyllaceae,Saponaria,officinalis,Sapooffi,0,1,0 1,T,,,white-pink,0920 1821,,Cary,Cary,Cary,AR,,,0.29,90,,p,,hc,,h,Rhiz2,,7,3,,,,,,,1246,256,9,3.9,15.5,890,,"3, 17",8,5,6,6,0,Stace (1997),,,
Carophyllaceae,Scleranthus,annuus L.,Scleannu,1,1,1 1,O,,,green,0920 1862,,Cary,Cary,Cary,N,,n,-2.68,20,,a,,Th,,h,0,,7,3,,0,60-65,0,<45,,983,69,9,3.6,15.2,883,,"4, 8, 10, 16",7,4,4,4,0,Stace (1997),,,Native range doubtful
Carophyllaceae,Scleranthus,perennis,Sclepere,0,1,0 1,O,,,green,0920 1863,,Cary,Cary,Cary,N,EN,r,-0.11,20,,p,,Ch,,h,0,,7,3,,0,60-65,0,<45,,11,0,0,3.3,16,656,,"8, 16",8,3,4,2,0,Stace (1997),,,
Carophyllaceae,Silene,dioica,Siledioc,0,1,0 1,T,,,pink,0920 1259,,Cary,Cary,Cary,N,,n,-0.44,90,,p,,hc,Ch,h,0,,5,3,,0,>65,0,<45,,2514,263,14,3.4,14.6,1065,,1,5,6,6,7,0,CTW (1962),"basically hemicryptophyte; basal rosette is dominant, at least to begin with",,
Carophyllaceae,Silene,latifolia,Silelati,0,1,0 1,T,,,white,0920 1258,,Cary,Cary,Cary,AR,,,-0.88,100,,p,,hc,,h,0,,8,4,,,,,,,1954,211,13,3.6,15.1,911,,3,7,4,7,6,0,Stace (1997),,,
Carophyllaceae,Silene,nutans L.,Silenuta,1,1,1 1,T,,,white,0920 1928,,Cary,Cary,Cary,N,,s,-0.39,80,,p,,hc,,h,0,,7,4,,0,>65,0,<45,,52,0,10,4.3,15.7,883,,16,8,3,8,4,0,Stace (1997),,,
Carophyllaceae,Silene,viscaria,Silevisc,1,0,1 0,T,,,purple,,,,,,,,,,,,,,,,,,,,,,,,,,,,,,,,,,,,,,,,,,,
Carophyllaceae,Silene,vulgaris,Sileviulg,0,1,0 1,T,,,white,0920 4578,,Cary,Cary,Cary,N,,n,-1.26,80,,p,,hc,,h,0,,8,5,,0,>65,0,<45,,1710,280,8,3.7,15.3,897,,"3, 6",7,4,8,5,0,Stace (1997),,,
Carophyllaceae,Spergula,arvensis L.,Sperarve,1,0,1 0,O,,,white,0920 1987,,Cary,Cary,Cary,N,,o,-2.3,30,,a,,Th,,h,0,,6,4,,0,>65,0,<45,,0,0,9,6.3,16.7,811,,4,7,4,5,5,0,Butcher (1961),,,
Carophyllaceae,Spergularia,marina,Spermari,0,1,0 1,O,,,white-pink,0920 1990,,Cary,Cary,Cary,N,,n,1.83,10,,a,,Th,,h,0,,8,6,,0,>65,0,<45,,680,185,8,4.3,14.6,1094,Co,"3, 21",8,8,8,6,5,estimated canopy height (MOH),,,
Carophyllaceae,Spergularia,rubra,Sperrubr,1,0,1 0,O,,,white-pink,0920 1992,,Cary,Cary,Cary,N,,n,0.05,15,,a,,Th,,h,0,,8,3,,0,>65,0,<45,,1363,66,13,3.5,14.9,983,,"8, 17",8,3,4,2,0,estimated canopy height (MOH),,,
Carophyllaceae,Stellaria,alsine,Stelalsi,0,1,0 1,O,,,white,,,,,,,,,,,,,,,,,,,,,,,,,,,,,,,,,,,,,,,,,,,
Carophyllaceae,Stellaria,graminea L.,Stelgram,1,1,1 1,O,,,white,0920 2009,,Cary,Cary,Cary,N,,n,-0.02,80,,p,,hc,,h,Rhiz1,,5,4,,0,>65,0,<45,,2446,852,8,3.5,14.6,1065,,6,7,6,5,4,0,Stace (1997),,,
Carophyllaceae,Stellaria,longifolia,Stellong,0,1,0 1,O,,,white,,,,,,,,,,,,,,,,,,,,,,,,,,,,,,,,,,,,,,,,,,,
Carophyllaceae,Stellaria,media,Stelmedi,1,1,1 1,O,,,white,0920 2012,,Cary,Cary,Cary,N,,n,,50,,a,,Th,,h,0,Node1,6,5,,0,>65,0,<45,,2749,962,14,3.6,14.5,1095,,"3, 4, 2005",7,5,6,7,0,Stace (1997),,,
Carophyllaceae,Stellaria,nemorum,Stelnemo,0,1,0 1,O,,,white,0920 2014,,Cary,Cary,Cary,N,,n,0.21,60,,p,,hc,,h,Rhiz1,,5,3,,0,>65,0,<45,,432,0,0,2.7,14.2,1027,,"1, 14",4,6,6,7,0,Stace (1997),,,
Carophyllaceae,Stellaria,palustris,Stelpalu,0,1,0 1,O,,,white,0920 2015,,Cary,Cary,Cary,N,,n,-0.89,60,,p,,hc,,h,Rhiz1,Node1,5,5,,0,>65,0,<45,,389,73,1,3.6,15.5,793,,11,7,8,6,4,0,Stace (1997),,,
Carophyllaceae,Viscaria,vulgaris,Viscvulg,0,1,0 1,T,,,pink-purple,,,,,,,,,,,,,,,,,,,,,,,,,,,,,,,,,,,,,,,,,,,
Cheenopodiaceae,Chenopodium,album,Chenalbu,1,0,1 0,O,,,green-yellow,0920 482,,Chen,Amar,Cary,N,,n,,100,,a,,Th,,h,0,,6,5,,0,>65,0,<45,,2340,782,14,3.7,14.8,1018,,4,7,5,7,7,1,CTW (1962),,,
Convallariaceae,Convallaria,majalis L.,Convmaja,0,1,0 1,O,,,white,0920 543,,Lili,Rusc,Aspa,N,,n,0.25,25,,p,,Gn,,h,Rhiz2,,5,3,,0,>65,0,<45,,439,0,0,3.3,15.5,831,,"1, 7",5,5,6,5,0,"Stace (1997) - this is also leaf length, average of CTW (1962) & Stace (1997)",,,
Convolvulaceae,Calystegia,sepium,Calysepi,0,1,0 1,O,,,white,0920 311,,Conv,Conv,Sola,N,,n,0.69,200,,p,,Gn,,h,Rhiz2,,7,6,,0,60-65,0,<45,,2175,881,14,3.8,14.9,1021,,"11, 14",7,8,7,7,1,Stace (1997),,"main means of spread is rhizomes, but can regenerate from roots (CPE)",
Convolvulaceae,Convolvulus,arvensis L.,Convarve,1,1,1 1,O,,,white or pink,0920 544,,Conv,Conv,Sola,N,,n,-0.7,100,,p,,Gn,,h,Rhiz2,,8,4,,0,60-65,0,<45,,1841,435,14,3.8,15.2,929,,"3, 4",7,4,8,6,0,Stace (1997),a true geophyte; disappears well below ground in winter,underground organs probably mainly rhizomes (CPE equivocates on this),
Convolvulaceae,Cuscuta,europaea,Cusceuro,1,0,1 0,O,,,red or green,0920 590,,Cusc,Conv,Sola,N,,s,0.04,2,,a,,Th,,h,Stol2,,7,4,,0,60-65,0,<45,,126,0,0,3.7,16.4,679,,14,6,7,6,7,0,CTW (1962) - but this is diameter of heads,,anomalous; an annual forming extensive clones but not rooting,
Crassulaceae,Crassula,aquatica,Crasaqua,1,0,1 0,O,,,red?,0920 566,,Cras,Cras,Saxi,NA,VU,r,,8,,a,,Hz,,h,0,Node1,7,6,c,0,>65,0,45-50,,2,0,0,3.2,14,1459,,14,8,9,5,5,0,Butcher (1961) - stem height,,,
Crassulaceae,Hylotelephium,telephium,Hylotele,0,1,0 1,O,,,pink,,,,,,,,,,,,,,,,,,,,,,,,,,,,,,,,,,,,,,,,,,,
Crassulaceae,Sedum,acre L.,Seduacre,1,1,1 1,O,,,yellow,0920 1875,,Cras,Cras,Saxi,N,,n,-0.24,10,,p,,Ch,,h,Node2,Irreg,7,3,,0,>65,0,<45,,2108,504,12,3.7,14.9,995,,16,8,2,7,2,1,CTW (1962),,,
Crassulaceae,Sedum,album L.,Sedualbu,1,1,1 1,O,,,white,0920 1876,Sedum album,Cras,Cras,Saxi,AR,,,2.41,20,,p,,Ch,,h,Node2,Irreg,9,2,,,,,,,1603,517,13,3.8,15.1,948,,"3, 16, 17",8,3,6,2,0,Stace (1991),,,
Crassulaceae,Sedum,annuum ,Seduannu,1,0,1 0,O,,,yellow,,,,,,,,,,,,,,,,,,,,,,,,,,,,,,,,,,,,,,,,,,,
Crassulaceae,Sedum,hybridum,Seduhybr,0,1,0 1,O,,,yellow,,,,,,,,,,,,,,,,,,,,,,,,,,,,,,,,,,,,,,,,,,,
Crassulaceae,Sedum,sexangulare L.,Sedusexa,1,0,1 0,O,,,yellow,,,,,,,,,,,,,,,,,,,,,,,,,,,,,,,,,,,,,,,,,,,
Crassulaceae,Sedum,telephium L.,Sedutele,1,1,1 1,O,,,purple,0920 1885,Sedum telephium,Cras,Cras,Saxi,N,,n,-0.34,60,,p,,hc,,h,0,,7,5,,0,>65,0,<45,,1197,0,0,3.5,15,1032,,"1, 3, 16",7,5,7,5,1,Stace (1991),,,
Droseraceae,Drosera ,anglica Huds.,Drosangl,1,0,1 0,O,,,white,0920 654,Drosera anglica,Dros,Dros,Cary,N,,n,-0.85,13,,p,,hc,,h,0,,4,6,,0,>65,0,<45,,601,292,0,3.2,13.4,1422,,"11, 12",8,9,2,1,0,Stace (1991) - leaf length,,,
Droseraceae,Drosera ,rotundifolia L.,Drosrotu,1,1,1 1,O,,,white,0920 657,Drosera rotundifolia,Dros,Dros,Cary,N,,n,-0.56,5,,p,,hc,,h,0,,5,6,,0,>65,0,<45,,1736,687,2,3.3,13.9,1269,,12,8,9,2,1,0,Stace (1991) - leaf length,,,
Ericaceae,Arctostaphyllos,uva-ursi L.,Arctuvau,1,0,1 0,T,,,white and pink,,,,,,,,,,,,,,,,,,,,,,,,,,,,,,,,,,,,,,,,,,,
Ericaceae,Calluna,vulgaris,Calluvulg,1,1,1 1,O,,,purple,0920 309,Calluna vulgaris,Eric,Eric,Eric,N,,n,-0.64,60,,p,,Ch,Pn,w,0,Node1,5,3,,0,>65,0,<45,,2434,905,11,3.5,14.3,1157,,"10, 12",7,6,2,2,0,Stace (1997),dwarf shrub,,
Ericaceae,Empetrum,nigrum L.,Empenigr,1,1,1 1,O,,,red,0920 684,Empetrum nigrum,Empe,Eric,Eric,N,,n,-0.29,30,,p,,Ch,,w,Node2,,2,6,,0,>65,0,<45,,1359,236,0,2.7,13.2,1381,,"10, 12, 15",7,6,2,1,0,estimated canopy height (MOH),dwarf shrub,,
Ericaceae,Moneses,uniflora,Moneunif,1,0,1 0,O,,,white,0920 1308,Moneses uniflora,Pyro,Eric,Eric,N,VU,r,0.14,4,,p,,hc,,h,Rhiz1,,4,6,,0,>65,0,<45,,27,0,0,2,13,985,,2,4,5,4,1,0,CTW (1962) - lf length (lamina + petiole),It seems best to classify it as a wintergreen hemicryptophyte; the basic structure is a basal rosette,,
Ericaceae,Monotropa,hypopitys L.,Monohypo,1,0,1 0,O,,,yellow-brown,0920 1310,Monotropa hypopitys,Mono,Eric,Eric,N,,n,-1.09,30,,p,,Gn,,h,Rhiz1,,7,6,,0,>65,0,<45,,288,24,0,3.7,15.8,817,,1,4,5,6,2,0,Stace (1997),,,
Ericaceae,Orthilia,secunda,Orthsecu,1,0,1 0,O,,,green-white,0920 1410,Orthilia secunda,Pyro,Eric,Eric,N,,n,-0.4,5,,p,,Ch,,h,Rhiz1,,4,6,,0,>65,0,<45,,228,7,0,1.4,12.2,1568,,"2, 10, 16",5,5,5,3,0,CTW (1962) - lf length (lamina + petiole),,,
Ericaceae,Phyllodoce,caerulea,Phylcaer,1,0,1 0,T,,,purple,0920 1467,Phyllodoce caerulea,Eric,Eric,Eric,N,VU,r,,20,,p,,Ch,,w,0,,1,3,,0,>65,0,<45,,3,0,0,-1.1,10.6,1829,,"10, 15",7,4,3,2,0,Stace (1997),dwarf shrub,,
Ericaceae,Pyrola,minor L.,Pyromino,0,1,0 1,O,,,white,0920 1631,Pyrola minor,Pyro,Eric,Eric,N,,n,-0.55,7,,p,,hc,Ch,h,Rhiz1,,4,6,,0,>65,0,<45,,558,50,0,2.6,13.9,1089,,"1, 16",5,5,4,2,0,CTW (1962) - lf length (lamina + petiole),It seems best to classify it mainly as a wintergreen hemicryptophyte,,
Ericaceae,Pyrola,rotundifolia L.,Pyrorotu,1,1,1 1,O,,,white,0920 5438,Pyrola rotundifolia,Pyro,Eric,Eric,N,,s,-0.08,12,,p,,hc,,h,Rhiz1,,5,4,,0,>65,0,<45,,155,13,2,2.9,14.2,1072,,"2, 19",6,7,7,3,0,CTW (1962) - lf length (lamina + petiole),,,
Ericaceae,Rhododendron,tomentosum,Rhodtome,1,1,1 1,O,,,white,,,,,,,,,,,,,,,,,,,,,,,,,,,,,,,,,,,,,,,,,,,
Ericaceae,Vaccinium,myrtillus L.,Vaccmyrt,1,1,1 1,O,,,pink,0920 2136,Vaccinium myrtillus,Eric,Eric,Eric,N,,n,-0.61,50,,p,,Ch,Pn,w,Rhiz2,,4,4,,0,>65,0,<45,,1886,701,1,3.3,13.9,1243,,"10, 16",6,6,2,2,0,Stace (1997),dwarf shrub,,
Ericaceae,Vaccinium,oxycoccos L.,Vaccoxyc,1,0,1 0,O,,,pink,0920 1419,Vaccinium oxycoccos,Eric,Eric,Eric,N,,n,0.28,30,,p,,Ch,,h,Node2,,4,6,,0,>65,0,<45,,725,246,0,3,14,1229,,12,8,9,2,1,0,Stace (1997),,,
Ericaceae,Vaccinium,uliginosum L.,Vacculig,1,0,1 0,O,,,white-pink,0920 2137,Vaccinium uliginosum,Eric,Eric,Eric,N,,n,-0.39,50,,p,,Ch,Pn,w,Rhiz2,,2,6,,0,>65,0,<45,,252,0,0,1.1,11.7,1897,,"12, 15, 16",7,6,2,2,0,Stace (1997),dwarf shrub,,
Ericaceae,Vaccinium,vitis-idaea L.,Vaccviti,1,1,1 1,O,,,white,0920 2138,Vaccinium vitis-idaea,Eric,Eric,Eric,N,,n,-0.18,30,,p,,Ch,,w,Rhiz2,,2,6,,0,>65,0,<45,,938,89,0,2.2,12.9,1474,,"2, 10, 15",6,5,2,2,0,Stace (1997),dwarf shrub,,
Ericaceae,Anthyllis ,vulneraria L.,Anthvuln,1,0,1 0,T,,,pink or yellow,0920 126,Anthyllis vulneraria,Faba,Faba,Faba,N,,n,0.45,60,,p,,hc,,h,0,,5,3,,0,>65,0,<45,,1798,465,9,3.7,14.6,1030,,7,8,4,7,2,0,Stace (1997),,,
Euphorbiaceae,Euphorbia,helioscopia L.,Euphheli,1,1,1 1,O,,,green,0920 772,Euphorbia helioscopia,Euph,Euph,Malp,AR,,,-0.77,40,,a,,Th,,h,0,,8,5,,,,,,,2114,642,12,3.8,14.9,973,,"4, 17",7,5,6,6,0,average of Butcher (1961) and Stace (1991),,,
Euphorbiaceae,Euphorbia,peplis L.,Euphpepl,1,0,1 0,O,,,green,0920 776,Euphorbia peplis,Euph,Euph,Malp,N,EW,x,-1.49,5,,a,,Th,,h,0,,9,1,,1,50-55,0,<45,,26,1,8,5.8,16.1,969,Co,19,9,4,7,5,3,1/3 average of stem length in Butcher (1961) and Stace (191),,,
Fabaceae,Astragalus,glycyphyllos,Astrglyc,0,1,0 1,T,,,green-white,0920 208,Astragalus glycyphyllos,Faba,Faba,Faba,N,,n,-0.36,100,,p,,hc,,h,0,,7,3,,0,60-65,0,<45,,357,0,0,3.4,15.7,711,,"1, 3, 16",6,4,7,3,0,Stace (1997),,,
Fabaceae,Laburnum,anagyroides Medik.,Labuanag,0,1,0 1,O,,,yellow,0920 1091,Laburnum anagyroides,Faba,Faba,Faba,AN,,,3.71,700,,p,,Ph,,w,0,,,,,,,,,Eur,1119,42,1,3.4,15.2,884,,"3, 17",6,5,7,7,0,CTW (1962),,,
Fabaceae,Lathyrus,latifolius,Lathlati,0,1,0 1,O,,,pink,0920 1111,Lathyrus latifolius,Faba,Faba,Faba,AN,,,,300,,p,,hc,,h,Rhiz1,,8,3,,,,,,Eur,762,9,11,3.9,16,782,,"3, 18",7,4,8,3,0,Stace (1991),MOH suspects that it is geophyte,Clonal spread short by distance 'phalanx' (J. Ecol. 80: 555-565 1992),
Fabaceae,Lathyrus,linifolius,Lathlini,1,1,1 1,T,7.294,4.822,,0920 1112,Lathyrus linifolius,Faba,Faba,Faba,N,,n,-0.93,40,,p,,Gn,,h,Rhiz2,,7,3,,0,>65,0,<45,,1962,538,0,3.3,14.2,1172,,"8, 16",6,5,4,3,0,Stace (1991),"geoo (Aesch & Burdet, 1994)",Rhizome system is tuberous,
Fabaceae,Lathyrus,montanus,Lathlini,0,1,0 1,O,,,purple-pink,,,,,,,,,,,,,,,,,,,,,,,,,,,,,,,,,,,,,,,,,,,
Fabaceae,Lathyrus,niger,Lathnige,1,0,1 0,O,,,purple-pink,,,,,,,,,,,,,,,,,,,,,,,,,,,,,,,,,,,,,,,,,,,
Fabaceae,Lathyrus,palustris L.,Lathpalu,1,1,1 1,O,,,purple-pink,0920 1115,Lathyrus palustris,Faba,Faba,Faba,N,,s,0.23,120,,p,,hc,,h,Rhiz2,,5,6,,0,>65,0,<45,,57,36,0,3.9,15.4,823,,11,7,9,7,4,0,Stace (1991),MOH suspects that it is geophyte,Extent of underground spread needs checking,
Fabaceae,Lathyrus,pratensis L.,Lathprat,1,1,1 1,T,4.926,3.598,,0920 1116,Lathyrus pratensis,Faba,Faba,Faba,N,,n,-0.17,80,,p,,hc,,h,Rhiz2,,5,4,,0,>65,0,<45,,2636,943,10,3.6,14.5,1079,,6,7,6,6,5,0,average of Butcher (1961) and Stace (1991),MOH suspects that it is geophyte,Authors of CPE say rhizome can be 7 m long,
Fabaceae,Lathyrus,sylvestris,Lathsylv,0,1,0 1,O,,,purple-pink,0920 1117,Lathyrus sylvestris,Faba,Faba,Faba,N,,n,-0.36,200,,p,,hc,,h,Rhiz1,,7,3,,0,60-65,0,<45,,450,0,0,4,16,835,,3,7,4,8,2,0,Stace (1991),MOH suspects that it is geophyte,Clonal spread short by distance 'phalanx' (J. Ecol. 80: 555-565 1992),
Fabaceae,Lathyrus,vernus,Lathvern,1,0,1 0,O,,,purple,,,,,,,,,,,,,,,,,,,,,,,,,,,,,,,,,,,,,,,,,,,
Fabaceae,Lotus,corniculatus L.,Lotucorn,1,1,1 1,T,8.706,5.124,,0920 1191,Lotus corniculatus,Faba,Faba,Faba,N,,n,1.09,40,,p,,hc,,h,0,,8,5,,0,>65,0,<45,,2801,975,14,3.5,14.5,1104,,"6, 7",7,4,6,2,1,CTW (1962),,,
Fabaceae,Lupinus,polyphyllus,Lupipoly,0,1,0 1,O,,,purple,0920 2428,Lupinus polyphyllus,Faba,Faba,Faba,AN,,,,150,,p,,hc,,h,0,,,,,,,,,Am4,215,3,1,3.2,15.2,828,,"3, 14, 17",7,5,5,5,0,Stace (1997),,,
Fabaceae,Medicago,falcata L.,Medifalc,1,1,1 1,T,7.736,3.408,,,,,,,,,,,,,,,,,,,,,,,,,,,,,,,,,,,,,,,,,,,,
Fabaceae,Medicago,lupulina L.,Medilupu,1,1,1 1,T,,,yellow,0920 1250,Medicago lupulina,Faba,Faba,Faba,N,,n,-0.43,50,,a,p,Th,hc,h,0,,7,4,,0,>65,0,<45,,2064,686,13,3.8,15,963,,"7, 17",7,4,8,4,0,CTW (1962),The books say annual or short-lived perennial,,
Fabaceae,Medicago,sativa L.,Medisati,0,1,0 1,T,,,purple,0920 7129,Medicago sativa,Faba,Faba,Faba,N,,s,-0.56,90,,p,,hc,,h,0,Rhiz1,8,4,c,0,60-65,0,<45,,54,0,0,3.5,16.2,604,,"3, 6",7,4,6,5,0,Stace (1997),,The indigenous form falcata is shortly creeping,
Fabaceae,Melilotus,albus,Melialbu,0,1,0 1,O,,,white,0920 1264,Melilotus albus,Faba,Faba,Faba,AN,,,-0.2,150,,b,a,hc,Th,h,0,,,,,,,,,"Eur?, As1?",913,15,7,3.7,15.8,778,,3,9,3,7,4,0,Stace (1991),"The books say annual or biennial; given its size, I guess biennial more common",,
Fabaceae,Melilotus,officinalis,Melioffi,0,1,0 1,O,,,yellow,0920 1267,Melilotus officinalis,Faba,Faba,Faba,AN,,,0.02,150,,b,,hc,,h,0,,,,,,,,,"Eur?, As1?",1142,26,7,3.7,15.7,790,,"3, 17",8,5,7,5,0,Stace (1991),,,
Fabaceae,Trifolium,arvense L.,Trifarve,1,1,1 1,O,,,white-pink,0920 2077,Trifolium arvense,Faba,Faba,Faba,N,,n,-0.01,20,,a,,Th,,h,0,,8,4,,0,60-65,0,<45,,1205,56,14,3.8,15.5,841,,8,9,3,5,2,1,Stace (1991),,,
Fabaceae,Trifolium,aureum,Trifaure,1,0,1 0,O,,,yellow,,,,,,,,,,,,,,,,,,,,,,,,,,,,,,,,,,,,,,,,,,,
Fabaceae,Trifolium,medium,Trifmedi,0,1,0 1,T,,,purple,0920 2087,Trifolium medium,Faba,Faba,Faba,N,,n,-0.53,45,,p,,hc,,h,0,,5,4,,0,>65,0,<45,,2050,208,2,3.4,14.8,1008,,6,7,4,6,4,0,Butcher (1961),,,
Fabaceae,Trifolium,montanum L.,Trifmont,1,1,1 1,T,,,pink or white,,,,,,,,,,,,,,,,,,,,,,,,,,,,,,,,,,,,,,,,,,,
Fabaceae,Trifolium,pratense L.,Trifprat,1,1,1 1,T,10.868,1.744,,0920 2091,Trifolium pratense,Faba,Faba,Faba,N,,n,-0.18,45,,p,,hc,,h,0,,7,4,,0,>65,0,<45,,2745,976,14,3.6,14.5,1100,,"6, 7",7,5,7,5,0,Butcher (1961),,,
Fabaceae,Trifolium,repens L.,Trifrepe,1,1,1 1,T,2.648,1.406,,0920 2092,Trifolium repens,Faba,Faba,Faba,N,,n,1.31,20,,p,,hc,Ch,h,Node2,,5,4,,0,>65,0,<45,,2798,981,14,3.5,14.5,1105,,"5, 6",7,5,6,6,0,Stace (1991) - length of peduncles,,,
Fabaceae,Vicia,cassubica L.,Vicicass,0,1,0 1,T,,,purple,,,,,,,,,,,,,,,,,,,,,,,,,,,,,,,,,,,,,,,,,,,
Fabaceae,Vicia,cracca L.,Vicicrac,1,1,1 1,T,,,purple,0920 2189,Vicia cracca,Faba,Faba,Faba,N,,n,-0.37,120,,p,,hc,,h,Rhiz1,,5,5,,0,>65,0,<45,,2647,938,10,3.6,14.5,1083,,"3, 11",7,6,7,5,0,Butcher (1961),,Indicated as highly mobile by Tamm et al. (2002) but having limited spread by CPE,
Fabaceae,Vicia,hirsuta,Vicihirs,1,0,1 0,T,,,white-yellow,0920 2191,Vicia hirsuta,Faba,Faba,Faba,N,,n,0.05,80,,a,,Th,,h,0,,7,3,,0,60-65,0,<45,,1925,285,12,3.7,15.2,926,,"3, 6",7,5,6,6,0,Stace (1991),,,
Fabaceae,Vicia,pisiformis,Vicipisi,0,1,0 1,T,,,light yellow,,,,,,,,,,,,,,,,,,,,,,,,,,,,,,,,,,,,,,,,,,,
Fabaceae,Vicia,sativa L.,Vicisati,1,0,1 0,O,,,purple-pink,0920 2516,Vicia sativa,Faba,Faba,Faba,N,,n,0.19,90,,a,,Th,,h,0,,8,3,,0,60-65,0,<45,,1930,472,14,3.7,14.9,991,,6,7,4,7,4,0,"Stace (1991) - ave of ssp. nigra, segetalis",,,
Fabaceae,Vicia,sepium L.,Vicisepi,1,1,1 1,T,6.312,3.086,,0920 2198,Vicia sepium,Faba,Faba,Faba,N,,n,-0.43,60,,p,,hc,,h,Rhiz1,,5,4,,0,>65,0,<45,,2615,945,4,3.5,14.5,1095,,"3, 6",6,5,6,6,0,Stace (1991),,Indicated as highly mobile by Tamm et al. (2002) but having limited spread by CPE,
Fabaceae,Vicia,sylvatica L.,Vicisylv,1,1,1 1,T,5.6,3.086,,0920 2199,Vicia sylvatica,Faba,Faba,Faba,N,,n,-0.71,150,,p,,hc,,h,Rhiz1,,5,4,,0,>65,0,<45,,623,57,0,3.1,14.3,1119,,"1, 3, 16",7,5,7,5,0,"Stace (1991), 3/4 to allow for scrambling",,Clonal according to Clopla1; British information not available,
Fagaceae,Quercus,robur L.,Querrobu,1,1,1 1,O,,,red,0920 1640,Quercus robur,Faga,Faga,Faga,N,,n,-0.6,3000,,p,,Ph,,w,0,,7,3,,0,60-65,0,<45,,2310,663,12,3.5,14.7,1049,,"1, 3",7,5,5,4,0,CTW (1962),,,
Gentianeae,Gentianella,amarella,Gentamar,1,0,1 0,T,,,purple,0920 897,Gentianella amarella,Gent,Gent,Gent,N,,n,-0.75,30,,b,,hc,,h,0,,5,6,,0,>65,0,<45,,884,132,0,3.5,14.9,932,,7,8,4,8,2,0,Stace (1997),,,
Geraniaceae,Erodium,cicutarium,Erodcicu,1,1,1 1,O,,,pink,0920 746,Erodium cicutarium,Gera,Gera,Gera,N,,n,,40,,a,,Th,,h,0,,8,4,,0,60-65,0,<45,,1666,167,14,3.8,15.2,902,,19,8,4,6,4,0,"Stace (1997) - 2/3 stem length ""suberect to procumbent""",,,
Geraniaceae,Geranium ,lucidum,Geraluci,0,1,0 1,T,,,pink,0920 909,Geranium lucidum,Gera,Gera,Gera,N,,n,1.42,40,,a,,Th,,h,0,,9,2,,0,60-65,0,<45,,1460,323,4,3.6,15.1,991,,"3, 16",6,4,7,6,0,Stace (1997),,,
Geraniaceae,Geranium ,pratense,Geraprat,1,1,1 1,O,,,purple,0920 914,Geranium pratense,Gera,Gera,Gera,N,,n,0.15,100,,p,,hc,,h,0,,5,5,,0,>65,0,<45,,1383,2,0,3,14.9,922,,6,7,6,7,7,0,Stace (1991),,,
Geraniaceae,Geranium ,pusillum,Gerapusi,0,1,0 1,O,,,purple-pink,0920 916,Geranium pusillum,Gera,Gera,Gera,N,,n,0.16,40,,a,,Th,,h,0,,7,4,,0,60-65,0,<45,,1237,22,10,3.7,15.6,784,,3,7,4,7,7,0,Stace (1997),,,
Geraniaceae,Geranium ,robertianum L.,Gerarobe,1,1,1 1,T,6.096,2.156,,0920 918,Geranium robertianum,Gera,Gera,Gera,N,,n,-0.41,50,,b,a,hc,Th,h,0,,7,3,,0,>65,0,<45,,2552,939,13,3.5,14.6,1092,,"1, 16",5,6,6,6,0,Stace (1997),"CTW & Stace say ""annual or biennial""",,
Geraniaceae,Geranium ,sanguineum L.,Gerasang,1,1,1 1,O,,,purple-pink,0920 920,Geranium sanguineum,Gera,Gera,Gera,N,,n,0.83,40,,p,,hc,,h,Rhiz2,,7,3,,0,60-65,0,<45,,303,45,0,3.7,14.6,996,,"7, 16",7,4,7,3,0,Stace (1991),,,
Geraniaceae,Geranium ,sylvaticum L.,Gerasylv,0,1,0 1,O,,,purple,0920 921,Geranium sylvaticum,Gera,Gera,Gera,N,,n,-0.45,70,,p,,hc,,h,0,,4,4,,0,>65,0,<45,,675,4,0,1.8,13,1339,,"6, 16",6,5,6,5,0,Stace (1997),,,
Grossulariaceae,Ribes,alpinum L.,Ribealpi,1,0,1 0,O,,,yellow,0920 1693,Ribes alpinum,Gros,Gros,Saxi,N,,s,0.45,200,,p,,Pn,Ph,w,0,,4,3,,0,60-65,0,<45,,50,0,0,2.3,14.2,1084,,"1, 3, 16",5,5,8,6,0,Stace (1997),,,
Grossulariaceae,Ribes,uva-crispa L.,Ribeuvac,1,1,1 1,O,,,red and green,0920 1697,Ribes uva-crispa,Gros,Gros,Saxi,AN,,,0.72,100,,p,,Pn,,w,0,,7,3,,,,,,Eur,2130,312,4,3.4,14.8,1006,,"1, 3",5,5,7,6,0,Stace (1997),,,
Hydrocharitaceae,Hydrocharis,morsus-ranae L.,Hydrmors,1,0,1 0,O,,,white,0920 998,Hydrocharis morsus-ranae,Hydr,Hydr,Alis,N,,n,-0.89,,50,p,,Hy,,h,Stol1,,7,4,,0,>65,0,<45,,323,84,2,3.9,15.8,772,,13,7,11,7,7,0,Stace (1997),,,
Hydrocharitaceae,Stratiotes,aloides L.,Straaloi,1,0,1 0,O,,,white,0920 2017,Stratiotes aloides,Hydr,Hydr,Alis,NA,,r,1.65,,50,p,,Hy,,h,Stol1,DRa,5,4,c,0,>65,0,<45,,65,0,0,3.5,16.1,596,,13,7,11,7,6,1,CTW (1962) - leaf length,,,
Hypericaceae,Hypericum,hirsutum L.,Hypehirs,1,0,1 0,O,,,yellow,0920 1010,Hypericum hirsutum,Clus,Clus,Malp,N,,n,-0.18,100,,p,,hc,,h,0,,7,4,,0,>65,0,<45,,1276,10,0,3.3,15.3,832,,"6, 7",6,5,7,5,0,Stace (1997),,only limited capacity for vegetative reproduction (CPE),
Hypericaceae,Hypericum,maculatum,Hypemacu,0,1,0 1,O,,,yellow,0920 1006,Hypericum maculatum,Clus,Clus,Malp,N,,n,2.11,60,,p,,hc,,h,Rhiz2,,5,3,,0,>65,0,<45,,1180,300,0,3.6,15,1016,,"1, 3, 16",6,6,5,5,0,Stace (1991),,,
Hypericaceae,Hypericum,montanum L.,Hypemont,0,1,0 1,O,,,yellow,0920 1013,Hypericum montanum,Clus,Clus,Malp,N,,n,-0.49,80,,p,,hc,,h,0,,7,3,,0,60-65,0,<45,,269,0,0,3.8,15.6,867,,"1, 3",7,4,8,2,0,CTW (1962),,,
Hypericaceae,Hypericum,perforatum L.,Hypeperf,1,1,1 1,O,,,yellow,0920 1014,Hypericum perforatum,Clus,Clus,Malp,N,,n,,80,,p,,hc,,h,Rhiz2,Root,8,4,,0,>65,0,<45,,1906,385,6,3.6,15.1,951,,7,7,4,7,5,0,Stace (1997),,root-budding mainly in shallow soils (CPE),
Iridaceae,Iris,pseudacorus L.,Irispseu,1,1,1 1,O,,,yellow,0920 1038,Iris pseudacorus,Irid,Irid,Aspa,N,,n,0.16,150,,p,,Gn,Hy,h,Rhiz2,,8,3,,0,>65,0,<45,,2563,959,10,3.7,14.6,1081,,11,7,9,6,6,1,Stace (1997),,,
Juncaceae,Juncus,bufonius L.,Juncbufo,1,0,1 0,,,,,0920 1057.2,Juncus bufonius,Junc,Junc,Poal,N,,n,,25,,a,,Th,,h,0,,6,6,,0,>65,0,<45,,1986,724,3,3.6,14.6,1102,,"3, 11, 13, 14",7,7,6,5,1,CTW (1962),,,
Laminaceae,Ajuga,pyramidalis L.,Ajugpyra,1,0,1 0,O,,,purple,0920 45,Ajuga pyramidalis,Lami,Lami,Lami,N,,s,-0.34,30,,p,,hc,,h,0,,4,3,,0,>65,0,<45,,106,8,0,3.3,12.6,1425,,"10, 16",7,5,5,2,0,Stace (1997),,,
Laminaceae,Ajuga,reptans,Ajugrept,0,1,0 1,O,,,purple,0920 46,Ajuga reptans,Lami,Lami,Lami,N,,n,-0.56,30,,p,,hc,,h,Stol2,,7,3,,0,60-65,0,<45,,2439,717,3,3.4,14.6,1095,,1,5,7,5,5,0,Stace (1997),,,
Laminaceae,Clinopodium,acinos,Clinacin,1,0,1 0,T,,,purple,0920 12,Clinopodium acinos,Lami,Lami,Lami,N,,n,-1.59,22,,a,,Th,,h,0,,7,3,,0,60-65,0,<45,,551,0,0,3.6,15.8,778,,16,8,2,8,1,0,average of CTW (1962) and Stace (1997),,,
Laminaceae,Clinopodium,vulgare L.,Clinvulg,1,0,1 0,T,,,purple,0920 530,Clinopodium vulgare,Lami,Lami,Lami,N,,n,-0.67,77,,p,,hc,,h,Rhiz1,,7,6,,0,60-65,0,<45,,1317,0,2,3.5,15.4,880,,7,7,4,7,4,0,average of CTW (1962) and Stace (1997),,,
Laminaceae,Galeopsis,ladanum L.,Galelada,1,1,1 1,T,,,purple-pink,,,,,,,,,,,,,,,,,,,,,,,,,,,,,,,,,,,,,,,,,,,
Laminaceae,Galeopsis,speciosa,Galespec,0,1,0 1,T,23.91,6.198,,0920 867,Galeopsis speciosa,Lami,Lami,Lami,AR,,,-1.82,100,,a,,Th,,h,0,,5,4,,,,,,,999,84,0,3.1,14.5,1043,,4,7,5,7,7,0,Stace (1991),,,
Laminaceae,Galeopsis,tetrahit L.,Galetetr,1,1,1 1,T,12.268,3.748,,0920 869,Galeopsis tetrahit,Lami,Lami,Lami,N,,n,,100,,a,,Th,,h,0,,5,3,,0,>65,0,<45,,1725,409,1,3.6,14.8,1025,,3,7,5,6,6,0,Stace (1991),,,
Laminaceae,Glechoma,hederacea,Glechede,1,1,1 1,T,11.916,3.298,,0920 931,Glechoma hederacea,Lami,Lami,Lami,N,,n,-0.56,30,,p,,hc,,h,Node2,,5,5,,0,60-65,0,<45,,2242,708,11,3.6,14.9,1001,,"1, 3",6,6,7,7,0,Stace (1997),,,
Laminaceae,Lamium,album L.,Lamialbu,1,1,1 1,T,7.25,3.42,,0920 1098,Lamium album,Lami,Lami,Lami,AR,,,-0.65,60,,p,,hc,,h,Rhiz2,,5,5,,,,,,,1903,178,5,3.6,15.2,911,,"3, 17",7,5,7,8,0,CTW (1962),,,
Laminaceae,Lamium,amplexicaule,Lamiampl,1,0,1 0,T,,,purple,0920 1099,Lamium amplexicaule,Lami,Lami,Lami,AR,,,-0.22,30,,a,,Th,,h,0,,8,4,,,,,,,1485,70,11,3.7,15.3,842,,"3, 4",7,4,7,6,0,Butcher (1961),,,
Laminaceae,Lamium,purpureum L.,Lamipurp,1,1,1 1,T,,,purple,0920 1103,Lamium purpureum,Lami,Lami,Lami,AR,,,-1.09,30,,a,,Th,,h,0,,7,3,,,,,,,2461,738,14,3.6,14.7,1027,,"3, 4, 17",6,5,7,7,0,Butcher (1961),,,
Laminaceae,Leonurus,cardiaca L.,Leoncard,1,0,1 0,T,,,pink,,,,,,,,,,,,,,,,,,,,,,,,,,,,,,,,,,,,,,,,,,,
Laminaceae,Lycopus,europaeus L.,Lycoeuro,1,0,1 0,O,,,white,0920 1219,Lycopus europaeus,Lami,Lami,Lami,N,,n,-0.01,100,,p,,hc,,h,Rhiz1,,7,4,,0,60-65,0,<45,,1689,347,8,3.8,15.2,995,,11,7,8,7,6,0,Stace (1997),,,
Laminaceae,Marrubium,vulgare,Marrvulg,1,0,1 0,T,,,white,0920 1238,Marrubium vulgare,Lami,Lami,Lami,N,,s,-2.02,60,,p,,hc,,h,Rhiz1,,8,4,,0,55-60,0,<45,,46,0,0,4.6,16.1,861,,7,9,5,7,8,0,Stace (1997),,,
Laminaceae,Mentha,aquatica L.,Mentaqua,1,0,1 0,O,,,pink-white,0920 1272,Mentha aquatica,Lami,Lami,Lami,N,,n,-0.11,90,,p,,hc,,h,Rhiz2,,7,3,,0,60-65,0,<45,,2475,922,12,3.7,14.7,1065,,11,7,8,7,5,0,Stace (1997),,,
Laminaceae,Mentha,arvensis L.,Mentharve,1,1,1 1,O,,,pink-white,0920 1273,Mentha arvensis,Lami,Lami,Lami,N,,n,-1.3,60,,p,,hc,,h,Rhiz2,,5,6,,0,>65,0,<45,,1965,428,5,3.6,14.9,1017,,"4, 11",6,7,7,6,0,Stace (1997),,,
Laminaceae,Origanum,vulgare L.,Origvulg,1,0,1 0,O,,,pink-white,0920 1393,Origanum vulgare,Lami,Lami,Lami,N,,n,-0.1,65,,p,,Ch,hc,h,0,Node1,8,5,,0,>65,0,<45,,1148,179,0,3.7,15.3,898,,"7, 16",6,4,7,4,0,average of CTW (1962) and Stace (1997),genuinely intermediate; dies back to well below 25 cm in winter,Creeps slowly when grown in flowerbed; also in grass when mown,
Laminaceae,Prunella,vulgaris L.,Prunvulg,1,1,1 1,T,,,purple,0920 1610,Prunella vulgaris,Lami,Lami,Lami,N,,n,0.6,30,,p,,hc,,h,Node1,,6,6,,0,>65,0,<45,,2783,970,14,3.5,14.4,1106,,"6, 7",7,5,6,4,0,Stace (1997),,,
Laminaceae,Scutellaria,galericulata L.,Scutgale,1,1,1 1,T,9.036,1.962,,0920 1872,Scutellaria galericulata,Lami,Lami,Lami,N,,n,-0.39,50,,p,,hc,,h,Rhiz1,,5,4,,0,>65,0,<45,,1751,212,4,3.6,14.9,1055,,11,7,8,6,5,0,Stace (1997),,,
Laminaceae,Stachys,palustris,Stacpalu,0,1,0 1,T,,,purple,0920 2003,Stachys palustris,Lami,Lami,Lami,N,,n,0.01,100,,p,,Gn,,h,Rhiz2,,5,6,,0,>65,0,<45,,2346,919,9,3.7,14.6,1079,,"11, 14",7,8,7,7,0,Stace (1997),,,
Laminaceae,Stachys,sylvatica L.,Stacsylv,1,0,1 0,T,,,pink,0920 2005,Stachys sylvatica,Lami,Lami,Lami,N,,n,-0.49,100,,p,,hc,,h,Rhiz2,,7,4,,0,>65,0,<45,,2462,806,12,3.6,14.7,1064,,3,6,6,7,8,0,Stace (1997),,,
Laminaceae,Thymus,serpyllum,Thymserp,0,1,0 1,T,,,pink,0920 2062,Thymus serpyllum,Lami,Lami,Lami,N,,r,-0.11,4,,p,,Ch,,sw,Node2,,5,3,c,0,>65,0,45-50,,9,0,0,3.3,16.2,606,,8,8,2,5,2,0,CTW (1962) - smaller than T. polytrichus,,,
Lentibulariaceae,Pinguicula,vulgaris L.,Pingvulg,1,0,1 0,T,,,purple,0920 1481,Pinguicula vulgaris,Lent,Lent,Lami,N,,n,-0.76,8,,p,,hc,,h,0,DRg,4,6,,0,>65,0,<45,,1523,484,0,3,13.6,1305,,"11, 12",8,8,6,2,0,Stace (1991) - leaf length,,"Regularly forms bulbils, averaging only 2 per year; not clear whether these are the main method of reproduction (Heslop-Harrison, Biol. Flora 2004)",
Lentibulariaceae,Utricularia,minor L.,Utrimino,1,0,1 0,O,,,yellow,0920 2130,Utricularia minor,Lent,Lent,Lami,N,,n,0.2,,40,p,,Hy,,h,DRa,,5,6,,0,>65,0,<45,,628,377,1,3.6,13.9,1321,,"11, 12",8,12,4,2,0,Stace (1991),,,
Lentibulariaceae,Utricularia,vulgaris L.,Utrivulg,1,0,1 0,O,,,yellow,,,,,,,,,,,,,,,,,,,,,,,,,,,,,,,,,,,,,,,,,,,
Liliaceae,Fritillaria,meleagris L.,Fritmele,1,1,1 1,O,,,purple,0920 842,Fritillaria meleagris,Lili,Lili,Lili,NA,,s,0.86,30,,p,,Gb,,h,0,,7,3,,0,55-60,0,<45,,98,0,0,3.6,16.3,688,,6,8,8,7,4,0,Stace (1997),,,
Liliaceae,Gagea,lutea,Gagelute,1,1,1 1,O,,,yellow,0920 859,Gagea lutea,Lili,Lili,Lili,N,,n,0.16,25,,p,,Gb,,h,0tb,DRg,7,3,c,0,>65,0,<45,,212,0,0,3,15.1,861,,"1, 3, 14, 16",4,6,7,7,0,Stace (1997),,,
Liliaceae,Gagea,minima,Gagemini,1,1,1 1,O,,,yellow,,,,,,,,,,,,,,,,,,,,,,,,,,,,,,,,,,,,,,,,,,,
Liliaceae,Lilium,martagon L.,Lilimart,0,1,0 1,O,,,purple,0920 1145,Lilium martagon,Lili,Lili,Lili,AN,,,0.83,100,,p,,Gb,,h,0,,7,4,,,,,,"Eur, As1",302,1,0,3.2,15.2,874,,"1, 17",3,4,7,6,0,CTW (1962),,,
Liliaceae,Ornithogalum,angustifolium,Orniangu,0,1,0 1,O,,,white,0920 1396,Ornithogalum angustifolium,Lili,Hyac,Aspa,AN,,,1.05,30,,p,,Gb,,h,0tb,DRg,8,3,,,,,,Eur,1139,8,12,3.7,15.5,848,,"1, 3, 7, 8",8,3,6,4,0,Stace (1997),,,
Liliaceae,Tulipa,gesneriana,Tuligesn,0,1,0 1,O,,,"red, white or yellow",,,,,,,,,,,,,,,,,,,,,,,,,,,,,,,,,,,,,,,,,,,
Linaceae,Linum,catharticum L.,Linucath,1,1,1 1,O,,,white,0920 1169,Linum catharticum,Lina,Lina,Malp,N,,n,-0.44,18,,b,,hc,,h,0,,7,3,,0,>65,0,<45,,2596,875,8,3.5,14.4,1113,,7,8,5,7,2,0,average of Butcher (1961) and Stace (1991),According to P J Grubb (pers. comm.) never annual; the books are wrong.,,
Linnaeaceae,Linnaea,borealis L.,Linnbore,0,1,0 1,T,,,pink,0920 1165,Linnaea borealis,Capr,Capr,Dips,N,,s,0.07,10,,p,,Ch,,sw,Node2,,4,6,,0,>65,0,<45,,93,0,0,1.6,12.7,1008,,2,5,5,2,2,0,Butcher (1961) - flowering stems,,,
Lythraceae,Lythrum,salicaria L.,Lythsali,1,1,1 1,O,,,pink,0920 1227,Lythrum salicaria,Lyth,Lyth,Myrt,N,,n,-0.08,120,,p,,hc,,h,0,,7,5,,0,>65,0,<45,,1692,827,8,4,15,1024,,11,7,9,7,5,0,CTW (1962),,,
Malvaceae,Malva,alcea,Malvalce,0,1,0 1,O,,,pink-purple,,,,,,,,,,,,,,,,,,,,,,,,,,,,,,,,,,,,,,,,,,,
Malvaceae,Malva,neglecta,Malvnegl,1,0,1 0,O,,,white-purple,0920 1233,Malva neglecta,Malv,Malv,Malv,AR,,,-0.22,60,,a,,Th,,h,0,,7,3,,,,,,,1196,70,14,3.8,15.7,781,,3,7,4,8,7,0,CTW (1962),,,
Malvaceae,Tilia,x europaea,Tillxeur,1,0,1 0,O,,,yellow,0920 2065,Tilia cordata x platyphyllos (T. x europaea),Tili,Malv,Malv,NH,,r,0.33,2500,,p,,Ph,,w,0,,,,,,,,,,5,0,0,2.4,14.4,1064,,1,5,5,6,6,0,CTW (1962),,,
Melanthiaceae,Paris,quadrifolia L.,Pariqua,1,0,1 0,O,,,yellow,0920 1436,Paris quadrifolia,Lili,Mela,Lili,N,,n,-0.68,40,,p,,Gn,,h,Rhiz2,,5,4,,0,>65,0,<45,,714,0,0,3.2,15.3,877,,1,3,6,7,6,0,Stace (1997),,,
Menyanthaceae,Menyanthes,trifoliata L.,Menytrif,1,1,1 1,O,,,white,0920 1289,Menyanthes trifoliata,Meny,Meny,Aste,N,,n,-0.04,30,150,p,,Gn,Hy,h,Rhiz2,,5,6,,0,>65,0,<45,,1905,756,5,3.4,14.1,1201,,11,8,10,4,3,0,Stace (1991),,,
Myrsinaceae,Lysimachia,nummularia L.,Lysmnumm,0,1,0 1,O,,,yellow,0920 1222,Lysimachia nummularia,Prim,Prim,Eric,N,,n,-0.02,5,,p,,hc,Ch,h,Node2,,7,3,,0,55-60,0,<45,,1266,227,3,3.7,15.5,895,,"6, 11, 14",5,7,5,5,0,estimated canopy height (MOH),classified as Anagallis tenella,,
Myrsinaceae,Lysimachia,punctata L.,Lysmpunc,0,1,0 1,O,,,yellow,0920 1223,Lysimachia punctata,Prim,Prim,Eric,AN,,,4.62,120,,p,,hc,,h,Rhiz1,,,,,,,,,Eur,1127,48,0,3.5,15.1,999,,"1, 3, 17",6,6,7,5,0,Stace (1997),,,
Myrsinaceae,Lysimachia,vulgaris,Lysmvulg,0,1,0 1,O,,,yellow,0920 1225,Lysimachia vulgaris,Prim,Prim,Eric,N,,n,0.22,105,,p,,hc,,h,Rhiz2,,7,5,,0,>65,0,<45,,1227,288,0,3.7,15.2,943,,11,7,9,7,5,0,average of Butcher (1961) and Stace (1991),,,
Nymphaeaceae,Nymphaea,alba L.,Nympalba,0,1,0 1,O,,,white,0920 1358,Nymphaea alba,Nymp,Nymp,Nymp,N,,n,1.02,,150,p,,Hy,,h,Rhiz1,,7,3,,0,>65,0,<45,,1511,340,5,3.6,14.8,1090,,13,7,11,6,4,0,Water depth given by Preston & Croft (1997),,,
Nymphaeaceae,Nuphar,lutea,Nuphlute,1,1,1 1,O,,,yellow,0920 1356,Nuphar lutea,Nymp,Nymp,Nymp,N,,n,-0.13,,150,p,,Hy,,h,Rhiz1,,5,4,,0,>65,0,<45,,1140,452,0,3.6,15.1,975,,"13, 14",7,11,7,6,1,"Water depth for floating lvs, estimated by MOH",,,
Oleaceae,Syringa,vulgaris L.,Syrivulg,0,1,0 1,T,,,purple-white-pink,0920 2029,Syringa vulgaris,Olea,Olea,Lami,AN,,,4.48,700,,p,,Ph,,w,Rhiz1,,,,,,,,,Eur,1296,163,4,3.6,15.3,881,,"3, 17",6,5,6,5,0,Stace (1991),,,
Onagraceae,Epilobium,angustifolium L.,Epilangu,1,1,1 1,O,,,pink,,,,,,,,,,,,,,,,,,,,,,,,,,,,,,,,,,,,,,,,,,,
Onagraceae,Epilobium,hirsutum,Epilhirs,0,1,0 1,O,,,pink-purple,0920 692,Epilobium hirsutum,Onag,Onag,Myrt,N,,n,0.12,150,,p,,hc,,h,Rhiz2,,8,5,,0,55-60,0,<45,,2036,795,12,3.8,15,971,,"11, 14",7,8,7,7,0,CTW (1962),,,
Onagraceae,Epilobium,montanum L.,Epilmont,1,1,1 1,O,,,purple-white-pink,0920 695,Epilobium montanum,Onag,Onag,Myrt,N,,n,-0.39,75,,p,,hc,,h,0,,7,3,,0,>65,0,<45,,2630,894,10,3.5,14.5,1091,,"3, 16, 17",6,6,6,6,0,Stace (1991),,,
Onagraceae,Epilobium,palustre L.,Epilpalu,1,1,1 1,O,,,white-purple,0920 697,Epilobium palustre,Onag,Onag,Myrt,N,,n,-0.18,60,,p,,hc,,h,Rhiz1,,5,6,,0,>65,0,<45,,2417,812,3,3.4,14.3,1146,,"11, 14",7,8,5,3,0,Stace (1991),,Rhizomes produce shoots often more than 10 cm from parent,
Orchidaceae,Dactylorhiza,sambucina,Dactsamb,1,0,1 0,T,,,pink or white,,,,,,,,,,,,,,,,,,,,,,,,,,,,,,,,,,,,,,,,,,,
Orchidaceae,Neottia,nidus-avis,Neotnidu,1,0,1 0,T,,,brown,0920 1352,Neottia nidus-avis,Orch,Orch,Aspa,N,,n,-0.91,47,,p,,Gn,,h,0,,7,4,,0,60-65,0,<45,,742,99,0,3.5,15.2,938,,1,2,4,7,5,0,average of CTW (1962) & Stace (1997),,,
Orchidaceae,Orchis,mascula,Orchmasc,1,0,1 0,T,,,pink-purple,0920 1387,Orchis mascula,Orch,Orch,Aspa,N,,n,-0.72,40,,p,,Gn,,h,0,,7,3,,0,>65,0,<45,,1962,475,9,3.5,14.7,1073,,"1, 7, 16",6,5,7,4,0,Stace (1997),,,
Orchidaceae,Platanthera,bifolia ,Platbifo,1,0,1 0,T,,,white,0920 1492,Platanthera bifolia,Orch,Orch,Aspa,N,,n,-1.67,40,,p,,Gn,,h,0,,5,5,,0,>65,0,<45,,949,308,1,3.5,14.3,1235,,"1, 10",6,6,6,2,0,"10 cm less than P. chlorantha, as in CTW (1962)",,,
Orchidaceae,Platanthera,chlorantha,Planchlo,0,1,0 1,T,,,white,0920 1493,Platanthera chlorantha,Orch,Orch,Aspa,N,,n,-0.88,50,,p,,Gn,,h,0,,7,3,,0,60-65,0,<45,,1163,251,0,3.4,14.7,1147,,"1, 6",5,5,7,4,0,average of CTW (1962) & Stace (1997),,,
Orobanchaceae,Euphrasia,officinalis,Euphoffi,1,1,1 1,T,,,white,0920 2243,Euphrasia officinalis agg.,Scro,Orob,Lami,N,,n,-1.61,30,,a,,Th,,h,0,,6,3,,,,,,,2600,874,12,3.5,14.4,1131,,"6, 7, 8, 10",8,5,5,3,0,Stace (1997),,,
Orobanchaceae,Lathraea,squamaria L.,Lathsqua,1,0,1 0,O,,,pink or white,0920 1107,Lathraea squamaria,Orob,Orob,Lami,N,,n,-0.36,30,,p,,Gn,,h,0,,7,3,,0,60-65,0,<45,,634,120,0,3.3,15,955,,"1, 3",3,6,7,6,0,Stace (1997),,,
Orobanchaceae,Melampyrum,cristatum L.,Melacris,0,1,0 1,T,,,pink or yellow,0920 1255,Melampyrum cristatum,Scro,Orob,Lami,N,,r,-0.88,50,,a,,Th,,h,0,,7,4,c,0,60-65,0,<45,,62,0,0,3.4,16.3,606,,3,6,3,8,2,0,Stace (1997),,,
Orobanchaceae,Melampyrum,nemorosum,Melanemo,1,1,1 1,T,12.326,3.296,,,,,,,,,,,,,,,,,,,,,,,,,,,,,,,,,,,,,,,,,,,,
Orobanchaceae,Melampyrum,pratense L.,Melaprat,0,1,0 1,T,12.178,3.196,,0920 1256,Melampyrum pratense,Scro,Orob,Lami,N,,n,-0.88,60,,a,,Th,,h,0,,5,4,,0,>65,0,<45,,1696,323,0,3.2,14.3,1220,,"1, 2",5,5,2,3,0,Stace (1997),,,
Orobanchaceae,Melampyrum,sylvaticum L.,Melasylv,1,1,1 1,T,5.286,2.556,,0920 1257,Melampyrum sylvaticum,Scro,Orob,Lami,N,,r,-0.58,35,,a,,Th,,h,0,,4,3,,0,>65,0,<45,,75,20,0,1.5,12.5,1532,,"1, 16",4,5,2,2,0,Stace (1997),,,
Orobanchaceae,Pedicularis,sylvatica L.,Pedisylv,1,0,1 0,T,,,pink,0920 1442,Pedicularis sylvatica,Scro,Orob,Lami,N,,n,-1.28,25,,p,,hc,,h,0,,7,3,,0,60-65,0,<45,,2118,744,9,3.4,14.1,1202,,"10, 12, 14",8,8,3,2,0,Stace (1997),,,
Orobanchaceae,Rhinanthus ,angustifolius,Rhinangu,0,1,0 1,T,,,yellow,0920 1683,Rhinanthus angustifolius,Scro,Orob,Lami,AN,,,-0.1,60,,a,,Th,,h,0,,5,4,,,,,,"Eur, As1",90,0,0,3.1,14.6,809,,"3, 4, 2007",7,6,7,2,0,Stace (1997),,,
Orobanchaceae,Rhinanthus ,minor L.,Rhinmino,1,1,1 1,T,6.708,3.564,,0920 1678,Rhinanthus minor,Scro,Orob,Lami,N,,n,-0.49,50,,a,,Th,,h,0,,5,3,,0,>65,0,<45,,2629,850,6,3.5,14.4,1115,,6,7,5,6,4,0,Stace (1997),,,
Oxalidaceae,Oxalis,acetosella L.,Oxalacet,1,0,1 0,O,,,white,0920 1413,Oxalis acetosella,Oxal,Oxal,Oxal,N,,n,-0.74,10,,p,,hc,,h,Rhiz1,,5,5,,0,>65,0,<45,,2393,791,2,3.4,14.4,1138,,"1, 2, 16",4,6,4,4,0,Stace (1991) - petiole length,,,
Papaveraceae,Chelidonium,majus L.,Chelmaju,1,1,1 1,O,,,yellow,0920 480,Chelidonium majus,Papa,Papa,Ranu,AR,,,-0.72,90,,p,,hc,,h,0,,7,5,,,,,,,1662,220,9,3.7,15.3,905,,3,6,5,8,7,0,CTW (1962),,,
Papaveraceae,Corydalis,nobilis,Corynobi,0,1,0 1,T,,,white and yellow,,,,,,,,,,,,,,,,,,,,,,,,,,,,,,,,,,,,,,,,,,,
Papaveraceae,Corydalis,solida,Corysoli,1,0,1 0,T,,,white-purple-pink,,,,,,,,,,,,,,,,,,,,,,,,,,,,,,,,,,,,,,,,,,,
Papaveraceae,Fumaria,officinalis,Fumaoffi,1,1,1 1,T,,,purple,0920 854,Fumaria officinalis,Fuma,Fuma,Ranu,AR,,,-0.34,52,,a,,Th,,h,0,,8,3,,,,,,,1978,304,12,3.6,15,912,,"3, 4",6,5,7,6,0,average of Sell (draft) and Butcher (1961),,,
Papaveraceae,Fumaria,vaillantii,Fumavail,0,1,0 1,T,,,purple-pink,0920 858,Fumaria vaillantii,Fuma,Fuma,Ranu,AR,,,-0.51,42,,a,,Th,,h,0,,7,4,,,,,,,116,0,0,3.5,16.2,702,,4,8,3,8,5,0,average of Sell (draft) and Butcher (1961),,,
Papaveraceae,Papaver,dubium,Papadubi,0,1,0 1,O,,,red,0920 7046,Papaver dubium,Papa,Papa,Ranu,AR,,,0.23,60,,a,,Th,,h,0,,8,4,,,,,,,1875,402,13,3.7,15,910,,"3, 4",7,5,6,5,0,Stace (1997),,,
Papaveraceae,Papaver,rhoeas L.,Paparhoe,1,0,1 0,O,,,red,0920 1430,Papaver rhoeas,Papa,Papa,Ranu,AR,,,-0.41,60,,a,,Th,,h,0,,8,3,,,,,,,1712,370,14,3.8,15.3,877,,"3, 4",7,5,7,6,0,Stace (1997),,,
Parmassiaceae,Parnassia,palustris L.,Parnpalu,1,0,1 0,O,,,white,0920 1437,Parnassia palustris,Saxi,Saxi,Saxi,N,,n,-0.84,20,,p,,hc,,h,0,,5,6,,0,>65,0,<45,,1091,302,0,3,13.7,1236,,11,8,8,7,3,0,"Butcher (1961); also blade 5 cm, petiole longer than blade (CTW)",,,
Plantaginaceae,Callitriche,palustris L.,Callpalu,1,0,1 0,O,,,green,,,,,,,,,,,,,,,,,,,,,,,,,,,,,,,,,,,,,,,,,,,
Plantaginaceae,Chaenorhinum,minus,Chaeminu,1,1,1 1,T,,,white-purple,0920 474,Chaenorhinum minus,Scro,Plan,Lami,AR,,,-0.63,25,,a,,Th,,h,0,,7,3,,,,,,,1468,170,0,3.6,15.3,899,,"3, 4, 17",8,4,7,4,0,CTW (1962),,,
Plantaginaceae,Hippuris,vulgaris L.,Hippvulg,1,0,1 0,O,,,red,0920 981,Hippuris vulgaris,Hipp,Plan,Lami,N,,n,-0.05,30,100,p,,Hy,,h,Rhiz2,Node2,5,6,,0,>65,0,<45,,1142,407,5,3.5,14.7,962,,"11, 13",7,10,6,4,1,Butcher (1961),,,
Plantaginaceae,Plantago,lanceolata L.,Planlanc,1,1,1 1,O,,,green?,0920 1487,Plantago lanceolata,Plan,Plan,Lami,N,,n,1.35,15,,p,,hc,,h,Rhiz1,,8,4,,0,>65,0,<45,,2804,985,14,3.5,14.5,1105,,"5, 6, 2007",7,5,6,4,0,CTW (1962) - leaf length,,Underground stems longer-lasting than Bellis; Clopla1 also suggests that produces buds on roots,
Plantaginaceae,Plantago,major L.,Planmajo,1,1,1 1,O,,,pink-white,0920 1488,Plantago major,Plan,Plan,Lami,N,,n,0.09,15,,p,,hc,,h,0,,6,5,,0,>65,0,<45,,2766,975,14,3.5,14.5,1102,,"3, 5",7,5,6,7,0,CTW (1962) - leaf length,,,
Plantaginaceae,Plantago,media L.,Planmedi,1,1,1 1,O,,,white-green?,0920 1490,Plantago media,Plan,Plan,Lami,N,,n,-0.79,6,,p,,hc,,h,Rhiz1,,7,5,,0,>65,0,<45,,1243,0,0,3.5,15.6,804,,7,8,4,7,3,0,CTW (1962) - leaf length,,,
Plantaginaceae,Veronica,agrestis L.,Veroagre,1,1,1 1,O,,,white-blue,0920 2161,Veronica agrestis,Scro,Plan,Lami,AR,,,-0.38,10,,a,,Th,,h,0,,7,3,,,,,,,1715,177,9,3.5,15,963,,"3, 4, 17",7,6,6,7,0,Butcher (1961) - stem height,,,
Plantaginaceae,Veronica,anagallis-aquatica L.,Veroanag,1,0,1 0,O,,,purple,0920 2163,Veronica anagallis-aquatica,Scro,Plan,Lami,N,,n,0.05,50,,a,p,Hz,Hy,h,Node1,,8,5,,0,60-65,0,<45,,1225,459,3,3.7,15.1,899,,"13, 14",7,10,7,7,0,Stace (1991),,,
Plantaginaceae,Veronica,arvensis,Veroarve,1,1,1 1,O,,,blue-purple,0920 2165,Veronica arvensis,Scro,Plan,Lami,N,,n,0.48,25,,a,,Th,,h,0,,8,3,,0,60-65,0,<45,,2614,793,14,3.5,14.6,1077,,"3, 4, 16",8,4,6,5,0,CTW (1962),,,
Plantaginaceae,Veronica,beccabunga L.,Verobecc,1,1,1 1,O,,,blue-purple,0920 2166,Veronica beccabunga,Scro,Plan,Lami,N,,n,-0.31,45,,p,,Hy,Ch,h,Node1,,7,4,,0,60-65,0,<45,,2333,912,9,3.6,14.7,1034,,"11, 14",7,10,6,6,0,Butcher (1961),,,
Plantaginaceae,Veronica,chamaedrys L.,Verocham,1,1,1 1,O,,,purple,0920 2168,Veronica chamaedrys,Scro,Plan,Lami,N,,n,-0.5,30,,p,,Ch,hc,h,Node2,,5,4,,0,>65,0,<45,,2609,945,14,3.5,14.5,1095,,"1, 3, 2006",6,5,6,5,0,Butcher (1961) - stem height,intermediate; overwinters pretty close to the ground,,
Plantaginaceae,Veronica,officinalis,Verooffi,0,1,0 1,O,,,purple-white,0920 2173,Veronica officinalis,Scro,Plan,Lami,N,,n,-0.84,23,,p,,Ch,,h,Node1,,5,3,,0,>65,0,<45,,2507,754,8,3.4,14.4,1125,,"7, 8",6,5,4,4,0,Butcher (1961) - stem height,,,
Plantaginaceae,Veronica,scutellata L.,Veroscut,1,0,1 0,O,,,white-purple,0920 2179,Veronica scutellata,Scro,Plan,Lami,N,,n,-0.06,25,,p,,hc,,h,Node1,,5,4,,0,>65,0,<45,,1877,576,3,3.4,14.3,1129,,"11, 13",8,9,5,3,0,Butcher (1961) - stem height,,,
Plantaginaceae,Veronica,serpyllifolia L.,Veroserp,1,1,1 1,O,,,white-purple,0920 2180,Veronica serpyllifolia,Scro,Plan,Lami,N,,n,0.8,10,,p,,hc,,h,Node2,,5,6,,0,>65,0,<45,,2652,884,11,3.5,14.5,1104,,"3, 5, 11",7,5,6,5,0,estimated stem height (MOH),,,
Plantaginaceae,Veronica,spicata L.,Verospic,1,1,1 1,O,,,purple,0920 2181,Veronica spicata,Scro,Plan,Lami,N,,s,0.13,45,,p,,hc,Ch,h,Node1,,7,4,c,0,>65,0,<45,,28,0,0,3.7,15.3,949,,"7, 16",8,3,7,2,0,Stace (1991) - average for subspp.,dies back to creeping stems; closer to hemicryptophyte,,
Plantaginaceae,Veronica,verna,Verovern,0,1,0 1,O,,,purple,0920 2183,Veronica verna,Scro,Plan,Lami,N,VU,r,-0.64,15,,a,,Th,,h,0,,7,4,c,0,>65,0,<45,,7,0,0,3.3,16.2,618,,8,8,2,5,1,0,Stace (1991),,,
Polygonaceae,Bistorta,vivipara,Bistvivi,0,1,0 1,O,,,white,,,,,,,,,,,,,,,,,,,,,,,,,,,,,,,,,,,,,,,,,,,
Polygonaceae,Fallopia ,convolvulus,Fallconv,1,0,1 0,O,,,white,0920 1527,Fallopia convolvulus,Poly,Poly,Cary,AR,,,-1.31,100,,a,,Th,,h,0,,6,4,,,,,,,2139,519,13,3.7,14.9,971,,"3, 4",7,4,7,5,0,Stace (1997),,,
Polygonaceae,Persicaria,lapathifolia,Perslapa,0,1,0 1,O?,,,pink,0920 1531,Persicaria lapathifolia,Poly,Poly,Cary,N,,n,-0.04,100,,a,,Th,,h,0,,8,6,,0,>65,0,<45,,1881,434,10,3.7,15.1,958,,"4, 11",7,6,7,7,0,Stace (1997),,,
Polygonaceae,Persicaria,maculosa Gray.,Persmacu,1,1,1 1,O,,,pink,0920 1537,Persicaria maculosa,Poly,Poly,Cary,N,,n,-0.95,80,,a,,Th,,h,0,,7,5,,0,>65,0,<45,,2578,934,12,3.6,14.6,1077,,"3, 4",7,6,6,7,0,Stace (1997),,,
Polygonaceae,Persicaria,vivipara,Persvivi,1,1,1 1,O?,,,white,0920 1543,Persicaria vivipara,Poly,Poly,Cary,N,,n,-0.58,30,,p,,hc,,h,Rhiz1,,2,6,,0,>65,0,<45,,446,5,0,1.6,12.2,1588,,"7, 15",8,6,6,2,0,Stace (1997),,,
Polygonaceae,Polygala,vulgaris L.,Polyvulg,1,1,1 1,O,,,purple,0920 1515,Polygala vulgaris,Poly,Poly,Faba,N,,n,-1.14,25,,p,,Ch,,h,0,,7,3,,0,>65,0,<45,,2176,665,8,3.5,14.4,1114,,7,8,5,6,3,0,Butcher (1961),,,
Polygonaceae,Polygonum,amphibium L.,Polyamph,1,0,1 0,O?,,,white,,,,,,,,,,,,,,,,,,,,,,,,,,,,,,,,,,,,,,,,,,,
Polygonaceae,Polygonum,aviculare,Polyavic,0,1,0 1,O,,,white,0920 1523,Polygonum aviculare,Poly,Poly,Cary,N,,n,,30,,a,,Th,,h,0,,6,6,,0,>65,0,<45,,2030,819,2,3.7,14.8,1039,,"4, 17",7,5,6,7,0,estimated canopy height (MOH),,,
Polygonaceae,Polygonum,hydropiper,Polyhydr,1,0,1 0,O?,,,white or pink,,,,,,,,,,,,,,,,,,,,,,,,,,,,,,,,,,,,,,,,,,,
Polygonaceae,Rumex,acetosa L.,Rumeacet,1,1,1 1,O,,,pink,0920 1734,Rumex acetosa,Poly,Poly,Cary,N,,n,1.32,60,,p,,hc,,h,0,,5,4,,0,>65,0,<45,,2790,979,14,3.5,14.4,1105,,"5, 6",7,5,5,4,0,Stace (1991),,,
Polygonaceae,Rumex,acetosella L.,Rumeacet,1,1,1 1,O,,,red-or pink,0920 1735,Rumex acetosella,Poly,Poly,Cary,N,,n,-0.62,30,,p,,hc,,h,Root,,6,4,,0,>65,0,<45,,2743,865,14,3.5,14.4,1110,,"8, 9, 16",7,5,4,3,0,CTW (1962),,,
Polygonaceae,Rumex,aquaticus L.,Rumeaqua,1,0,1 0,O,,,red,0920 1739,Rumex aquaticus,Poly,Poly,Cary,N,VU,r,,180,,p,,hc,Hy,h,0,,5,6,c,0,>65,0,<45,,3,0,0,2.7,13.8,1795,,"11, 13, 14",7,9,7,7,0,Butcher (1961),a semi-rosette hemicryptophyte,,
Polygonaceae,Rumex,crispus L.,Rumecris,0,1,0 1,O,,,yellow or green,0920 1742,Rumex crispus,Poly,Poly,Cary,N,,n,0.11,100,,p,,hc,,h,0,,8,4,,0,>65,0,<45,,2724,958,14,3.6,14.5,1087,,"3, 6, 19",8,6,7,6,2,Stace (1997),,,
Polygonaceae,Rumex,longifolius L.,Rumelong,0,1,0 1,O,,,yellow or green,0920 1746,Rumex longifolius,Poly,Poly,Cary,N,,n,0.93,120,,p,,hc,,h,0,,4,5,,0,>65,0,<45,,590,0,0,2.3,13,1174,,"3, 13",7,6,7,7,0,Stace (1997),,,
Potamogetonaceae,Potamogeton,natans L.,Potanata,1,0,1 0,O,,,green,0920 1570,Potamogeton natans,Pota,Pota,Alis,N,,n,,,100,p,,Hy,,h,Irreg,Rhiz2,5,6,,0,>65,0,<45,,2340,648,6,3.5,14.5,1091,,"11, 13, 14",7,11,6,4,0,Preston (1995),,,
Potamogetonaceae,Potamogeton,perfoliatus L.,Potaperf,1,0,1 0,O,,,yellow-green?,0920 1575,Potamogeton perfoliatus,Pota,Pota,Alis,N,,n,,,300,p,,Hy,,h,Irreg,Rhiz2,5,6,,0,>65,0,<45,,1056,275,0,3.5,14.6,1026,,"13, 14",7,12,6,5,1,Preston (1995),,,
Potamogetonaceae,Potamogeton,pusillus L.,Potapusi,1,0,1 0,O?,,,white,0920 1578,Potamogeton pusillus,Pota,Pota,Alis,N,,n,0.77,,70,p,,Hy,,h,DRa,,8,6,,0,>65,0,<45,,806,146,1,3.6,15.1,877,,13,7,12,7,6,1,Preston (1995),,Turions either axillary or (in autumn) terminal,
Potamogetonaceae,Zannichellia,palustris L.,Zannpalu,1,0,1 0,O,,,yellow-green?,0920 2237,Zannichellia palustris,Zann,Pota,Alis,N,,n,0.17,,50,p,,Hy,,h,Irreg,Rhiz2,8,6,,0,>65,0,<45,,1196,206,5,3.8,15.5,820,,"13, 14",7,12,8,7,2,CTW (1962) = average of Sell & Murrell (1996) and Butcher (1961),,,
Primulaceae,Androsace,septentrionalis L.,Andrsept,1,0,1 0,O,,,white,,,,,,,,,,,,,,,,,,,,,,,,,,,,,,,,,,,,,,,,,,,
Primulaceae,Glaux,maritima L.,Glaumari,1,0,1 0,O,,,pink,0920 930,Glaux maritima,Prim,Prim,Eric,N,,n,-0.41,30,,p,,Gn,hc,h,Rhiz2,,5,6,,0,>65,0,<45,,935,267,11,4.2,14.3,1177,Co,21,8,7,7,5,4,Stace (1997),a geophytic pseudoannual in Baltic area (Jerling 1988); is it ever hemicryptophyte?,"Yapp et al., J. Ecol. 5, p.77, 1917; Jerling, Vegetatio 74, 171-185",
Primulaceae,Lysimachia,nummularia L.,Lysmnumm,0,1,0 1,O,,,yellow,0920 1222,Lysimachia nummularia,Prim,Prim,Eric,N,,n,-0.02,5,,p,,hc,Ch,h,Node2,,7,3,,0,55-60,0,<45,,1266,227,3,3.7,15.5,895,,"6, 11, 14",5,7,5,5,0,estimated canopy height (MOH),classified as Anagallis tenella,,
Primulaceae,Lysimachia,vulgaris L.,Lysmvulg,1,1,1 1,O,,,yellow,0920 1225,Lysimachia vulgaris,Prim,Prim,Eric,N,,n,0.22,105,,p,,hc,,h,Rhiz2,,7,5,,0,>65,0,<45,,1227,288,0,3.7,15.2,943,,11,7,9,7,5,0,average of Butcher (1961) and Stace (1991),,,
Primulaceae,Primula,farinosa L.,Primufari,1,1,1 1,T,,,purple,0920 1603,Primula farinosa,Prim,Prim,Eric,N,,s,-0.46,5,,p,,hc,,h,0,,4,5,,0,60-65,0,<45,,103,0,0,2.2,13.8,1194,,"7, 11",9,8,9,2,0,CTW (1962) - leaf length,,"Nearly 13, a 'bulb hemicryptophyte' forming small clones (Hambler, D., BSBI News, 93, 39-42, 2003)",
Primulaceae,Primula,veris L.,Primveri,1,1,1 1,T,,,yellow,0920 1605,Primula veris,Prim,Prim,Eric,N,,n,-0.32,15,,p,,hc,,h,0,,7,4,,0,60-65,0,<45,,1632,369,6,3.7,15.2,900,,"6, 7",7,4,7,3,0,CTW (1962) - leaf length,,,
Primulaceae,Trientalis,europaea L.,Trieeuro,1,1,1 1,O,,,white,0920 2076,Trientalis europaea,Prim,Prim,Eric,N,,n,-0.27,20,,p,,Gn,,h,Rhiz2,DRg,4,6,,0,>65,0,<45,,514,0,0,1.8,12.6,1277,,"1, 2, 10",5,6,3,3,0,Stace (1997),,,
Ranunculaceae,Actaea,spicata L.,Actaspic,1,0,1 0,O,,,white,0920 16,Actaea spicata,Ranu,Ranu,Ranu,N,,s,-0.44,60,,p,,Gn,,h,Rhiz1,,4,6,,0,>65,0,<45,,33,0,0,2.5,14.3,1054,,16,3,5,8,6,0,Stace (1997),,,
Ranunculaceae,Anemone,hepatica L.,Anemhepa,1,0,1 0,O,,,white-purple-pink,,,,,,,,,,,,,,,,,,,,,,,,,,,,,,,,,,,,,,,,,,,
Ranunculaceae,Anemone,nemorosa L.,Anemnemo,1,1,1 1,O,,,white-purple,0920 105,Anemone nemorosa,Ranu,Ranu,Ranu,N,,n,-0.7,23,,p,,Gn,,h,Rhiz1,,7,4,,0,>65,0,<45,,2305,541,3,3.3,14.5,1113,,"1, 16",5,6,5,4,0,Butcher (1961),,,
Ranunculaceae,Anemone,pulsatilla L.,Anempuls,1,0,1 0,O,,,purple,,,,,,,,,,,,,,,,,,,,,,,,,,,,,,,,,,,,,,,,,,,
Ranunculaceae,Anemone,ranunculiodes,Anemranu,0,1,0 1,O,,,yellow,,,,,,,,,,,,,,,,,,,,,,,,,,,,,,,,,,,,,,,,,,,
Ranunculaceae,Anemone,vernalis L.,Anemvern,1,0,1 0,O,,,white,,,,,,,,,,,,,,,,,,,,,,,,,,,,,,,,,,,,,,,,,,,
Ranunculaceae,Aquilegia,vulgaris ,Anemvulg,0,1,0 1,O,,,white-purple-pink-yellow,0920 141,Aquilegia vulgaris,Ranu,Ranu,Ranu,N,,n,1.7,100,,p,,hc,,h,0,,7,3,,1,55-60,0,<45,,1504,197,5,3.6,15,986,,"1, 3, 16",6,4,6,5,0,Stace (1997),,,
Ranunculaceae,Caltha,palustris L.,Caltpalu,1,1,1 1,O,,,yellow,,,,,,,,,,,,,,,,,,,,,,,,,,,,,,,,,,,,,,,,,,,
Ranunculaceae,Consolida,regalis Gray.,Consrega,1,1,1 1,T,,,purple-blue,,,,,,,,,,,,,,,,,,,,,,,,,,,,,,,,,,,,,,,,,,,
Ranunculaceae,Ficaria,verna,Ficavern,0,1,0 1,O,,,yellow,,,,,,,,,,,,,,,,,,,,,,,,,,,,,,,,,,,,,,,,,,,
Ranunculaceae,Hepatica,nobilis,Hepanobi,0,1,0 1,O,,,blue,,,,,,,,,,,,,,,,,,,,,,,,,,,,,,,,,,,,,,,,,,,
Ranunculaceae,Myosurus,minimus L.,Myosmini,1,0,1 0,O,,,green-yellow,,,,,,,,,,,,,,,,,,,,,,,,,,,,,,,,,,,,,,,,,,,
Ranunculaceae,Pulsatilla,vulgaris,Pulsvulg,0,1,0 1,O,,,purple,,,,,,,,,,,,,,,,,,,,,,,,,,,,,,,,,,,,,,,,,,,
Ranunculaceae,Ranunculus,acris L.,Ranuacri,1,1,1 1,O,,,yellow,0920 1642,Ranunculus acris,Ranu,Ranu,Ranu,N,,n,0.3,75,,p,,hc,,h,0,,3,5,,0,>65,0,<45,,2780,968,13,3.5,14.4,1106,,"5, 6",7,6,6,4,0,Butcher (1961),,,
Ranunculaceae,Ranunculus,aquatilis L.,Ranaaqua,1,0,1 0,O,,,white,0920 1643.1,Ranunculus aquatilis,Ranu,Ranu,Ranu,N,,n,,,90,a,,Hz,,h,0,Irreg,7,3,,0,>65,0,<45,,1123,157,4,3.6,15.2,860,,"13, 14",7,11,7,5,0,Butcher (1961),,,
Ranunculaceae,Ranunculus,auricomus L.,Ranaauri,1,0,1 0,O,,,yellow,0920 1645,Ranunculus auricomus,Ranu,Ranu,Ranu,N,,n,-0.33,40,,p,,hc,,h,0,,5,3,,0,>65,0,<45,,1379,226,1,3.3,15.1,922,,1,6,7,6,5,0,Stace (1997),not obvious why CTW treat it as sometimes a geophyte,,
Ranunculaceae,Ranunculus,ficaria L.,Ranafica,1,0,1 0,O,,,yellow,0920 1649,Ranunculus ficaria,Ranu,Ranu,Ranu,N,,n,0.16,25,,p,,Gn,,h,0tb,DRa,8,3,,0,>65,0,<45,,2648,820,14,3.6,14.5,1084,,"1, 3",6,6,6,6,0,Stace (1997),,not much spread by tubers unless ground is dug or disturbed,
Ranunculaceae,Ranunculus,flammula L.,Ranuflam,1,1,1 1,O,,,yellow,0920 1651,Ranunculus flammula,Ranu,Ranu,Ranu,N,,n,-0.6,50,,p,,hc,Hy,h,Node1,,7,3,,0,>65,0,<45,,2651,938,11,3.5,14.4,1122,,11,7,9,5,3,0,Stace (1997),,,
Ranunculaceae,Ranunculus,lingua L.,Ranaling,1,1,1 1,O,,,yellow,0920 1655,Ranunculus lingua,Ranu,Ranu,Ranu,N,,n,1.7,120,,p,,hc,Hy,h,Rhiz2,,7,4,,0,>65,0,<45,,537,210,0,3.7,15.2,868,,11,7,10,6,7,0,Stace (1997),,,
Ranunculaceae,Ranunculus,polyanthemos L.,Ranapoly,1,0,1 0,O,,,yellow,,,,,,,,,,,,,,,,,,,,,,,,,,,,,,,,,,,,,,,,,,,
Ranunculaceae,Ranunculus,repens L.,Ranarepe,1,1,1 1,O,,,yellow,0920 1660,Ranunculus repens,Ranu,Ranu,Ranu,N,,n,0.55,60,,p,,hc,,h,Stol2,,5,5,,0,>65,0,<45,,2784,983,14,3.5,14.5,1105,,"3, 5, 2006",6,7,6,7,0,Stace (1997),,,
Ranunculaceae,Ranunculus,reptans L.,Ranarept,1,0,1 0,O,,,yellow,0920 1661,Ranunculus reptans,Ranu,Ranu,Ranu,N,EN,r,,10,,p,,hc,Hy,h,Stol2,,4,6,,0,>65,0,<45,,9,0,0,2.6,13.7,1467,,13,8,9,6,2,0,CTW (1962) - half stem length,,,
Ranunculaceae,Ranunculus,sceleratus L.,Ranascel,1,0,1 0,O,,,yellow and green,0920 1663,Ranunculus sceleratus,Ranu,Ranu,Ranu,N,,n,-0.05,60,,a,,Th,,h,0,,5,6,,0,>65,0,<45,,1492,353,6,3.8,15.4,861,,"11, 13, 14",8,8,8,8,2,CTW (1962),,,
Ranunculaceae,Thalictrum,flavum L.,Thalflav,1,0,1 0,O,,,yellow and white,0920 2048,Thalictrum flavum,Ranu,Ranu,Ranu,N,,n,-0.53,100,,p,,hc,,h,0,,5,4,,0,>65,0,<45,,669,91,0,3.7,15.8,762,,11,7,8,7,5,0,CTW (1962),,,
Rosaceae,Agrimonia,eupatoria L.,Agrieupa,1,1,1 1,O,,,yellow,0920 22,Agrimonia eupatoria,Rosa,Rosa,Rosa,N,,n,-0.89,60,,p,,hc,,h,0,,8,4,,0,60-65,0,<45,,1859,532,9,3.8,15.1,953,,6,7,4,7,4,0,CTW (1962),,,
Rosaceae,Alchemilla,vulgaris L.,Alchvulg,1,1,1 1,O,,,green-yellow,0920 58,Alchemilla vulgaris agg.,Rosa,Rosa,Rosa,N,,n,-0.01,35,,p,,hc,,h,0,,5,3,,,,,,,1935,496,0,3.1,14.1,1179,,"6, 7, 15, 16",7,5,6,4,0,average of all except A. alpina,,,
Rosaceae,Argentina,anserina L.,Argeanse,0,1,0 1,O,,,yellow,,,,,,,,,,,,,,,,,,,,,,,,,,,,,,,,,,,,,,,,,,,
Rosaceae,Crataegus,rhipidophylla Gand.,Cratrhip,1,0,1 0,O,,,white,,,,,,,,,,,,,,,,,,,,,,,,,,,,,,,,,,,,,,,,,,,
Rosaceae,Comarum,palustre L.,Comapalu,1,0,1 0,O,,,red,,,,,,,,,,,,,,,,,,,,,,,,,,,,,,,,,,,,,,,,,,,
Rosaceae,Cotoneaster,integerrimus Medik.,Cotointe,1,0,1 0,O,,,white,,,,,,,,,,,,,,,,,,,,,,,,,,,,,,,,,,,,,,,,,,,
Rosaceae,Filipendula,ulmaria,Filiulma,1,1,1 1,O,,,white,0920 833,Filipendula ulmaria,Rosa,Rosa,Rosa,N,,n,-0.1,120,,p,,hc,,h,Rhiz2,,5,5,,0,>65,0,<45,,2692,967,3,3.5,14.5,1105,,11,7,8,6,5,0,Stace (1997),,,
Rosaceae,Filipendula,vulgaris ,Filivulg,1,1,1 1,O,,,white,0920 834,Filipendula vulgaris,Rosa,Rosa,Rosa,N,,n,-0.07,50,,p,,hc,Gn,h,Rhiz1,DRg,7,4,,0,60-65,0,<45,,578,8,3,3.6,15.8,776,,7,7,4,8,2,0,Stace (1997),Said to regenerate from toot tubers (MOH has not verified),,
Rosaceae,Fragaria ,vesca L.,Fragvesc,1,1,1 1,O,,,white,0920 838,Fragaria vesca,Rosa,Rosa,Rosa,N,,n,-1.09,30,,p,,hc,,h,Stol2,,7,4,,0,>65,0,<45,,2380,819,6,3.5,14.6,1091,,"1, 7",6,5,6,4,0,Stace (1997),,,
Rosaceae,Geum,rivale L.,Geumriva,1,1,1 1,O,,,pink-red,0920 924,Geum rivale,Rosa,Rosa,Rosa,N,,n,-0.7,50,,p,,hc,,h,0,,5,4,,0,>65,0,<45,,1739,302,0,2.9,14,1196,,"1, 16",6,7,6,4,0,Stace (1997),,,
Rosaceae,Geum,urbanum L.,Geumurba,1,1,1 1,O,,,yellow,0920 925,Geum urbanum,Rosa,Rosa,Rosa,N,,n,-0.53,70,,p,,hc,,h,0,,7,4,,0,>65,0,<45,,2330,837,10,3.6,14.7,1044,,1,4,6,7,7,0,Stace (1997),,,
Rosaceae,Malus,sylvestris,Malusylv,1,1,1 1,O,,,white,,,,,,,,,,,,,,,,,,,,,,,,,,,,,,,,,,,,,,,,,,,
Rosaceae,Potentilla,argentea L.,Potearge,1,1,1 1,O,,,yellow,0920 1585,Potentilla argentea,Rosa,Rosa,Rosa,N,,n,-0.78,30,,p,,hc,,h,0,,7,4,,0,>65,0,<45,,323,0,5,3.6,16,704,,"3, 8",8,3,5,2,0,Stace (1997),,,
Rosaceae,Potentilla,erecta,Poteerec,1,1,1 1,O,,,yellow,0920 1588,Potentilla erecta,Rosa,Rosa,Rosa,N,,n,-0.5,25,,p,,hc,,h,0,,5,4,,0,>65,0,<45,,2700,947,12,3.5,14.4,1118,,8,7,7,3,2,0,Stace (1997),,,
Rosaceae,Potentilla,fruticosa,Potefrut,0,1,0 1,O,,,yellow,0920 1589,Potentilla fruticosa,Rosa,Rosa,Rosa,N,,r,1.44,100,,p,,Pn,,w,0,,4,6,,0,>65,0,<45,,8,7,0,2.8,13.7,1366,,16,8,6,8,2,0,Stace (1991),,,
Rosaceae,Potentilla,reptans,Poterept,1,1,1 1,O,,,yellow,0920 1594,Potentilla reptans,Rosa,Rosa,Rosa,N,,n,-0.62,30,,p,,hc,,h,Stol2,,8,4,,0,60-65,0,<45,,1882,769,11,3.8,15.1,959,,6,7,5,7,5,0,estimated canopy height (MOH),,,
Rosaceae,Potentilla,tabernaemontani Asch.,Potetabe,1,0,1 0,O,,,yellow,,,,,,,,,,,,,,,,,,,,,,,,,,,,,,,,,,,,,,,,,,,
Rosaceae,Prunus,padus L.,Prunpadu,1,1,1 1,O,,,white,0920 1616,Prunus padus,Rosa,Rosa,Rosa,N,,n,0.58,1500,,p,,Ph,,w,0,,5,5,,0,>65,0,<45,,1089,189,0,2.7,13.8,1240,,1,5,6,6,7,0,CTW (1962),,,
Rosaceae,Prunus,spinosa L.,Prunspin,1,0,1 0,O,,,white,0920 1617,Prunus spinosa,Rosa,Rosa,Rosa,N,,n,0.4,400,,p,,Ph,,w,Root,,7,3,,0,60-65,0,<45,,2308,917,9,3.7,14.8,1032,,3,6,5,7,6,1,Stace (1991),,,
Rosaceae,Rhamnus,catharticus L.,Rhamcath,1,0,1 0,O,,,green,,,,,,,,,,,,,,,,,,,,,,,,,,,,,,,,,,,,,,,,,,,
Rosaceae,Rhamnus,frangula L.,Rhamfran,1,0,1 0,O,,,white,,,,,,,,,,,,,,,,,,,,,,,,,,,,,,,,,,,,,,,,,,,
Rosaceae,Rosa,canina L.,Rosacani,1,1,1 1,O,,,,,,,,,,,,,,,,,,,,,,,,,,,,,,,,,,,,,,,,,,,,,,
Rosaceae,Rosa,dumalis,Rosaduma,0,1,0 1,O,,,,,,,,,,,,,,,,,,,,,,,,,,,,,,,,,,,,,,,,,,,,,,
Rosaceae,Rosa,mollis,Rosamoll,0,1,0 1,O,,,,0920 1723,Rosa mollis,Rosa,Rosa,Rosa,N,,n,,150,,p,,Pn,,w,Root,,5,3,,0,>65,0,<45,,435,12,0,2.5,13.6,1138,,"1, 3, 16",5,5,7,4,0,Stace (1997),,"somewhat suckering (CTW), suckering and when conditions are favourable forming dense thickets (BSBI Hbk)",
Rosaceae,Rosa,rugosa,Rosarugo,0,1,0 1,O,,,,0920 1716,Rosa rugosa,Rosa,Rosa,Rosa,AN,,,,150,,p,,Pn,,w,Rhiz2,Root,,,,,,,,As2,875,65,7,3.8,15,967,,"3, 18, 19",8,3,6,3,2,Stace (1991); Bruun (2005) Biol. Flora,,,
Rosaceae,Rosa,villosa,Rosavill,0,1,0 1,O,,,,,,,,,,,,,,,,,,,,,,,,,,,,,,,,,,,,,,,,,,,,,,
Rosaceae,Rubus,caesius L.,Rubucaes,1,0,1 0,O,,,white,0920 1726,Rubus caesius,Rosa,Rosa,Rosa,N,,n,-0.34,50,,p,,Ch,Pn,w,Tip,,7,4,,0,60-65,0,<45,,1339,166,5,3.8,15.6,851,,3,7,7,7,6,0,estimated canopy height (MOH),,,
Rosaceae,Rubus,chamaemorus L.,Rubucham,1,0,1 0,O,,,white,0920 1727,Rubus chamaemorus,Rosa,Rosa,Rosa,N,,n,-0.47,20,,p,,hc,,h,Rhiz2,,4,6,,0,>65,0,45-50,,394,1,0,1.1,12.2,1594,,"10, 12",9,7,1,1,0,Stace (1997),,,
Rosaceae,Rubus,idaeus L.,Rubuidae,1,0,1 0,O,,,white,0920 1729,Rubus idaeus,Rosa,Rosa,Rosa,N,,n,-0.09,150,,p,,Pn,,w,Root,,5,6,,0,>65,0,<45,,2425,648,2,3.4,14.5,1095,,1,6,5,5,5,0,Stace (1997),,,
Rosaceae,Rubus,saxatilis L.,Rubusaxa,1,0,1 0,O,,,white,0920 1730,Rubus saxatilis,Rosa,Rosa,Rosa,N,,n,-0.27,40,,p,,hc,,h,Stol2,,5,5,,0,>65,0,<45,,793,132,0,2.4,13,1514,,"1, 7, 16",7,5,7,4,0,Stace (1997),,,
Rosaceae,Sorbus ,aria,Sorbaria,1,0,1 0,O,,,white,0920 1958,Sorbus aria,Rosa,Rosa,Rosa,N,,n,,1500,,p,,Ph,,w,0,,7,3,,1,50-55,0,<45,,225,2,0,3.8,16.3,774,,1,6,4,7,4,0,CTW (1962),,,
Rosaceae,Sorbus ,aucuparia L.,Sorbaucu,1,1,1 1,O,,,white,0920 1960,Sorbus aucuparia,Rosa,Rosa,Rosa,N,,n,0.86,1500,,p,,Ph,,w,0,,5,5,,0,>65,0,<45,,2472,749,0,3.4,14.4,1128,,"1, 2, 16",6,6,3,4,0,CTW (1962),,,
Rubiaceae,Asperula,tinctoria L.,Aspetinc,1,0,1 0,O,,,white,,,,,,,,,,,,,,,,,,,,,,,,,,,,,,,,,,,,,,,,,,,
Rubiaceae,Galium,aparine L.,Galiapar,1,0,1 0,O,,,white,0920 873,Galium aparine,Rubi,Rubi,Gent,N,,n,-0.09,150,,a,,Th,,h,0,,7,3,,0,>65,0,<45,,2672,960,14,3.6,14.6,1080,,"3, 4, 17",6,6,7,8,0,"Aeschimann & Burdet (1994) - CTW (1962) too low, Stace (1997) too high",,,
Rubiaceae,Galium,album,Galialbu,1,1,1 1,O,,,white,,,,,,,,,,,,,,,,,,,,,,,,,,,,,,,,,,,,,,,,,,,
Rubiaceae,Galium,boreale L.,Galibore,0,1,0 1,O,,,white,0920 874,Galium boreale,Rubi,Rubi,Gent,N,,n,-0.52,45,,p,,hc,,h,Rhiz2,,5,6,,0,>65,0,<45,,561,101,0,2.2,12.8,1580,,"7, 16",7,5,7,3,0,Stace (1997),,"Sell (draft) says ""with rooting stolons""; Clopla1 indicates that rhizomes long-lived",
Rubiaceae,Galium,mollugo L.,Galimoll,1,0,1 0,O,,,white,0920 879,Galium mollugo,Rubi,Rubi,Gent,N,,n,0.04,112,,p,,hc,,h,Rhiz2,,5,3,,0,>65,0,<45,,1665,0,14,3.5,15.3,905,,7,7,4,7,4,0,75% of Stace (1997) - decumbent to erect,,,
Rubiaceae,Galium,odoratum ,Galiodor,1,0,1 0,O,,,white,0920 183,Galium odoratum,Rubi,Rubi,Gent,N,,n,-0.62,45,,p,,hc,,h,Rhiz2,,7,3,,0,>65,0,<45,,1836,350,1,3.4,14.7,1086,,1,3,5,7,6,0,Stace (1997),best treatedas a rhizomatous hemicryptophyte,,
Rubiaceae,Galium,palustre L.,Galipalu,1,1,1 1,O,,,white,0920 882,Galium palustre,Rubi,Rubi,Gent,N,,n,0.07,75,,p,,hc,,h,Rhiz1,,5,4,,0,>65,0,<45,,2652,932,9,3.5,14.5,1105,,11,7,9,5,4,0,75% of Stace (1997) - decumbent to ascending,,,
Rubiaceae,Galium,uliginosum L.,Galiulig,0,1,0 1,O,,,white,0920 887,Galium uliginosum,Rubi,Rubi,Gent,N,,n,-0.14,60,,p,,hc,,h,Rhiz1,,5,5,,0,>65,0,<45,,1435,102,0,3.2,14.9,961,,11,7,9,6,4,0,Stace (1997),,,
Rubiaceae,Galium,verum L.,Galiveru,1,1,1 1,O,,,yellow,0920 888,Galium verum,Rubi,Rubi,Gent,N,,n,-0.85,75,,p,,hc,,h,Rhiz2,,5,5,,0,>65,0,<45,,2516,730,14,3.5,14.6,1045,,7,7,4,6,2,0,75% of Stace (1997) - procumbent to erect,,,
Salicaceae,Populus,tremula L.,Poputrem,1,1,1 1,O?,,,green,0920 1555,Populus tremula,Sali,Sali,Malp,N,,n,0.88,2000,,p,,Ph,,w,Root,,5,5,,0,>65,0,<45,,2248,414,7,3.3,14.5,1102,,"1, 16",6,5,5,6,0,Meikle (1984),,,
Salicaceae,Salix ,caprea L.,Salicapr,1,0,1 0,O?,,,green and white,0920 1788,Salix caprea,Sali,Sali,Malp,N,,n,0.34,1000,,p,,Ph,,w,0,,5,5,,0,>65,0,<45,,2412,620,3,3.4,14.6,1080,,1,7,7,7,7,0,Meikle (1984),,,
Salicaceae,Salix ,myrtilloides L.,Salimyrt,1,0,1 0,O?,,,white,,,,,,,,,,,,,,,,,,,,,,,,,,,,,,,,,,,,,,,,,,,
Salicaceae,Salix ,pentandra L.,Salipent,1,0,1 0,O?,,,yellow,0920 1799,Salix pentandra,Sali,Sali,Malp,N,,n,0.11,700,,p,,Ph,,w,0,,5,4,,0,>65,0,<45,,700,305,0,3,14,1114,,1,7,8,6,4,0,Meikle (1984),,,
Sapindaceae,Acer,platanoides,Acerplat,0,1,0 1,O,,,yellow,0920 4,Acer platanoides,Acer,Sapi,Sapi,AN,,,,3000,,p,,Ph,,w,0,,7,3,c,,,,,Eur,1419,43,5,3.4,15.2,903,,"1, 3, 17",4,5,7,7,0,Stace (1991),,,
Saxifragaceae,Saxifraga,cespitosa,Saxicesp,0,1,0 1,O,,,white,0920 1828,Saxifraga cespitosa,Saxi,Saxi,Saxi,N,VU,r,-0.1,10,,p,,Ch,,h,0,,1,6,,0,>65,1,50-55,,13,0,0,-0.4,10.7,2003,,"15, 16",7,5,7,1,0,Stace (1997),,,
Saxifragaceae,Saxifraga,granulata L.,Saxigran,1,1,1 1,O,,,white,0920 1830,Saxifraga granulata,Saxi,Saxi,Saxi,N,,n,-0.26,36,,p,,hc,,h,DRa,,7,3,,0,60-65,0,<45,,975,6,0,3.1,15.1,853,,"6, 7",8,5,6,4,0,average of Butcher (1961) and Stace (1991),produces bulbils; perhaps to some extent a bulbil-therophyte,,
Saxifragaceae,Saxifraga,tridactylites L.,Saxitrid,1,0,1 0,O,,,white,0920 1843,Saxifraga tridactylites,Saxi,Saxi,Saxi,N,,n,-0.12,10,,a,,Th,,h,0,,8,3,,0,60-65,0,<45,,985,316,11,3.9,15.3,921,,16,7,2,7,2,0,Stace (1991),,,
Scrophulariaceae,Lathraea,squamaria,Lathsqua,0,1,0 1,T,,,white or pink,0920 1107,Lathraea squamaria,Orob,Orob,Lami,N,,n,-0.36,30,,p,,Gn,,h,0,,7,3,,0,60-65,0,<45,,634,120,0,3.3,15,955,,"1, 3",3,6,7,6,0,Stace (1997),,,
Scrophulariaceae,Limosella,aquatica L.,Limoaqua,1,0,1 0,O,,,pink-white,0920 1155,Limosella aquatica,Scro,Plan,Lami,N,,s,1,6,,a,,Th,,h,Stol2,,5,6,,0,>65,0,<45,,223,13,0,3.5,15.5,858,,13,8,8,5,5,0,Stace (1991),,,
Scrophulariaceae,Linaria,repens,Linarepe,0,1,0 1,T,,,purple-white,0920 1161,Linaria repens,Scro,Plan,Lami,AR,,,0.3,80,,p,,hc,,h,Root,,7,2,,,,,,,805,24,5,3.7,15.2,1000,,"3, 7",8,5,7,5,0,Stace (1991),,Clopla1 says that produces buds on roots; not indicated in GB floras,
Scrophulariaceae,Linaria,vulgaris Mill.,Linavulg,0,1,0 1,T,21.63,5.238,orange and yellow,0920 1164,Linaria vulgaris,Scro,Plan,Lami,N,,n,-0.8,80,,p,,hc,,h,Root,,5,5,,0,>65,0,<45,,1967,81,11,3.6,15.2,935,,"3, 6",7,4,8,6,0,Stace (1991),,spreading by root buds but not very extensively (CPE); but probably enough to be 62,
Scrophulariaceae,Odontites,vulgaris Moench.,Odonvulg,1,1,1 1,T,,,pink,,,,,,,,,,,,,,,,,,,,,,,,,,,,,,,,,,,,,,,,,,,
Scrophulariaceae,Scrophularia,nodosa L.,Scronodo,1,0,1 0,O,,,green and red,0920 1867,Scrophularia nodosa,Scro,Scro,Lami,N,,n,-0.37,100,,p,,hc,,h,0,,7,4,,0,>65,0,<45,,2327,850,6,3.6,14.7,1069,,"1, 3",5,6,7,6,0,Stace (1997),,,
Scrophulariaceae,Verbascum,lychnitis,Verblych,0,1,0 1,O,,,yellow,0920 2149,Verbascum lychnitis,Scro,Scro,Lami,N,,s,-0.23,150,,b,,hc,,h,0,,7,3,,0,55-60,0,<45,,42,0,0,4.1,16.5,790,,"3, 7",7,3,7,3,0,Stace (1997),,,
Scrophulariaceae,Verbascum,nigrum L.,Verbnigr,1,0,1 0,O,,,yellow,0920 2150,Verbascum nigrum,Scro,Scro,Lami,N,,n,-0.12,120,,b,,hc,,h,0,,7,4,,0,60-65,0,<45,,479,0,8,3.9,16.2,742,,3,7,4,7,6,0,Stace (1997),,,
Scrophulariaceae,Verbascum,thapsus L.,Verbthap,1,1,1 1,O,,,yellow,0920 2157,Verbascum thapsus,Scro,Scro,Lami,N,,n,0.27,200,,b,,hc,,h,0,,7,4,,0,60-65,0,<45,,1874,375,12,3.7,15.2,918,,3,7,4,7,5,0,Stace (1997),,,
Scrophulariaceae,Veronica,officinalis L.,Verooffi,0,1,0 1,O,,,purple-white,0920 2173,Veronica officinalis,Scro,Plan,Lami,N,,n,-0.84,23,,p,,Ch,,h,Node1,,5,3,,0,>65,0,<45,,2507,754,8,3.4,14.4,1125,,"7, 8",6,5,4,4,0,Butcher (1961) - stem height,,,
Solanaceae,Hyoscyamus ,niger L.,Hysonige,1,0,1 0,O,,,yellow and dark red,0920 1002,Hyoscyamus niger,Sola,Sola,Sola,AR,,,-1.38,80,,b,,hc,,h,0,,8,4,,,,,,,796,87,5,4,15.7,799,,4,8,4,7,9,0,CTW (1962),,,
Solanaceae,Solanum,Dulcamara L.,Soladulc,1,1,1 1,O,,,purple,0920 1947,Solanum dulcamara,Sola,Sola,Sola,N,,n,-0.11,225,,p,,Pn,Ch,sw,Node2,,8,5,,0,60-65,0,<45,,1918,533,14,3.8,15.2,945,,"3, 11, 14",7,8,7,7,0,"75% of Stace (1997) - ""scrambling""","normally too big to count as a chamaephyte, but prostrate forms are known",clones formed by rooting stems (CPE and personal observation); Clopla1 suggests root-budding;,
Thymelaeaceae,Daphne,mezereum L.,Daphmeze,1,0,1 0,O,,,purple-pink,0920 618,Daphne mezereum,Thym,Thym,Malv,NA,,s,-0.06,100,,p,,Pn,,w,0,,5,4,,0,>65,0,<45,,110,0,0,3.5,15.8,890,,1,4,5,7,6,0,CTW (1962),,,
Ulmaceae,Ulmus,minor ,Ullmmino,1,0,1 0,O,,,red,0920 2115,Ulmus minor,Ulma,Ulma,Rosa,N,,n,0.75,3100,,p,,Ph,,w,Root,,7,3,,0,55-60,0,<45,,641,0,9,3.9,16.1,764,,"1, 3",5,5,7,7,0,Stace (1991),,,
Urticaceae,Urtica,dioica L.,Urtidioc,1,1,1 1,O,,,pink-white,0920 2126,Urtica dioica,Urti,Urti,Rosa,N,,n,0.28,150,,p,,hc,,h,Rhiz2,Stol2,5,4,,0,>65,0,<45,,2773,983,13,3.6,14.5,1102,,"3, 5, 14, 17",6,6,7,8,0,Stace (1991),,,
Urticaceae,Urtica,urens L.,Uricuren,1,0,1 0,O,,,white,0920 2128,Urtica urens,Urti,Urti,Rosa,AR,,,-0.7,60,,a,,Th,,h,0,,8,4,,,,,,,1924,283,14,3.7,15,914,,"4, 17",8,5,6,8,0,Stace (1991),,,
Violaceae,Viola,arvensis,Violarve,0,1,0 1,O,,,"white, yellow and sometimes purple",0920 2206,Viola arvensis,Viol,Viol,Malp,AR,,,-0.29,40,,a,,Th,,h,0,,7,4,,,,,,,2065,333,11,3.6,15,940,,4,8,4,6,6,0,Stace (1991),,,
Violaceae,Viola,bicolor ,Violbico,1,0,1 0,O,,,white or blue,,,,,,,,,,,,,,,,,,,,,,,,,,,,,,,,,,,,,,,,,,,
Violaceae,Viola,canina L.,Violcani,1,0,1 0,O,,,blue,0920 2207,Viola canina,Viol,Viol,Malp,N,,n,-0.87,18,,p,,hc,,h,0,,5,4,,0,>65,0,<45,,1030,183,2,3.5,14.7,1008,,"8, 10",8,4,5,2,0,average of Butcher (1961) and Stace (1991),,,
Violaceae,Viola,hirta L.,Violhirt,1,1,1 1,O,,,purple,0920 2210,Viola hirta,Viol,Viol,Malp,N,,n,-0.46,15,,p,,hc,,h,0,Rhiz1,7,4,,0,60-65,0,<45,,964,19,0,3.7,15.7,795,,7,7,4,8,2,0,similar to V. odorata (CTW 1962),,Slow vegetative spread by branching rhizome (CPE),
Violaceae,Viola,mirabilis L.,Violmira,1,0,1 0,T,,,purple,,,,,,,,,,,,,,,,,,,,,,,,,,,,,,,,,,,,,,,,,,,
Violaceae,Viola,odorata,Violodor,0,1,0 1,T,,,purple,0920 2214,Viola odorata,Viol,Viol,Malp,N,,n,-0.19,15,,p,,hc,,h,Stol2,,7,3,,,,,,,1340,97,0,3.8,15.7,833,,7,5,5,7,7,0,estimated canopy height (MOH),,,Native range doubtful
Violaceae,Viola,palustris L.,Violpalu,1,0,1 0,T,,,pink-purple-white,0920 2215,Viola palustris,Viol,Viol,Malp,N,,n,-0.3,15,,p,,hc,,h,Rhiz2,,5,3,,0,>65,0,<45,,1880,560,0,3.3,13.9,1262,,"11, 14",7,9,3,2,0,Aeschimann & Burdet (1994) - British floras not giving height,,,
Violaceae,Viola,riviniana,Violrivi,0,1,0 1,T,,,purple,0920 2218,Viola riviniana,Viol,Viol,Malp,N,,n,1.07,18,,p,,hc,,h,0,Root,7,3,,0,>65,0,<45,,2741,968,14,3.5,14.4,1112,,"1, 7, 16",6,5,5,4,0,Butcher (1961),,"root-sprouting in some plants, implying that not all can do it (CPE)",
Violaceae,Viola,tricolor L.,Violtric,0,1,0 1,T,,,"blue, yellow, white or purple",0920 2220,Viola tricolor,Viol,Viol,Malp,N,,n,-1.52,20,,a,p,Th,hc,h,0,,7,3,,0,>65,0,<45,,1691,243,3,3.4,14.6,992,,"4, 8, 19",8,4,6,4,0,Butcher (1961),"Ssp. tricolor, which is annual, is much the commonest",,
,,,,,,,,,,,,,,,,,,,,,,,,,,,,,,,,,,,,,,,,,,,,,,,,,,,,,
,,,,,,,,,,,,,,,,,,,,,,,,,,,,,,,,,,,,,,,,,,,,,,,,,,,,,
,,,,,,,,,,,,,,,,,,,,,,,,,,,,,,,,,,,,,,,,,,,,,,,,,,,,,
,,,,,,,,,,,,,,,,,,,,,,,,,,,,,,,,,,,,,,,,,,,,,,,,,,,,,
,,,,,,,,,,,,,,,,,,,,,,,,,,,,,,,,,,,,,,,,,,,,,,,,,,,,,
,Key:,,,,,,,,,,,,,,,,,,,,,,,,,,,,,,,,,,,,,,,,,,,,,,,,,,,,
,,the yellow colour says that I don't know if the latin name is right. ,,,,,,,,,,,,,,,,,,,,,,,,,,,,,,,,,,,,,,,,,,,,,,,,,,,
,,the blue colour says that I coudn't find the name in the excel list of PLANTATT.,,,,,,,,,,,,,,,,,,,,,,,,,,,,,,,,,,,,,,,,,,,,,,,,,,,
,,"The pink colour says that in the excel list of PLANTATT appears twice the name of the plant, and I don't know which is the richt one. ",,,,,,,,,,,,,,,,,,,,,,,,,,,,,,,,,,,,,,,,,,,,,,,,,,,
,,"Also, there are this symbol (?) in the shape of the flowers that I'm not sure. ",,,,,,,,,,,,,,,,,,,,,,,,,,,,,,,,,,,,,,,,,,,,,,,,,,,
